<?xml version="1.0" encoding="UTF-8"?>
<zabbix_export>
    <version>2.0</version>
    <date>2013-12-11T09:33:58Z</date>
    <groups>
        <group>
            <name>Templates</name>
        </group>
    </groups>
    <templates>
        <template>
            <template>Custom - Service - Oracle</template>
            <name>Custom - Service - Oracle</name>
            <groups>
                <group>
                    <name>Templates</name>
                </group>
            </groups>
            <applications>
                <application>
                    <name>ASM Volumes</name>
                </application>
                <application>
                    <name>Oracle</name>
                </application>
                <application>
                    <name>Tablespaces</name>
                </application>
                <application>
                    <name>Temp Tablespaces</name>
                </application>
            </applications>
            <items>
                <item>
                    <name>Oracle/Active user count on {$DATABASE}</name>
                    <type>10</type>
                    <snmp_community/>
                    <multiplier>0</multiplier>
                    <snmp_oid/>
                    <key>pyora[{$USERNAME},{$PASSWORD},{$ADDRESS},{$DATABASE},activeusercount]</key>
                    <delay>300</delay>
                    <history>7</history>
                    <trends>90</trends>
                    <status>0</status>
                    <value_type>3</value_type>
                    <allowed_hosts/>
                    <units/>
                    <delta>0</delta>
                    <snmpv3_securityname/>
                    <snmpv3_securitylevel>0</snmpv3_securitylevel>
                    <snmpv3_authpassphrase/>
                    <snmpv3_privpassphrase/>
                    <formula>1</formula>
                    <delay_flex/>
                    <params/>
                    <ipmi_sensor/>
                    <data_type>0</data_type>
                    <authtype>0</authtype>
                    <username/>
                    <password/>
                    <publickey/>
                    <privatekey/>
                    <port/>
                    <description/>
                    <inventory_link>0</inventory_link>
                    <applications>
                        <application>
                            <name>Oracle</name>
                        </application>
                    </applications>
                    <valuemap/>
                </item>
                <item>
                    <name>Oracle/Archive {$ARCHIVE} on {$DATABASE}</name>
                    <type>10</type>
                    <snmp_community/>
                    <multiplier>0</multiplier>
                    <snmp_oid/>
                    <key>pyora[{$USERNAME},{$PASSWORD},{$ADDRESS},{$DATABASE},check_archive,{$ARCHIVE}]</key>
                    <delay>300</delay>
                    <history>7</history>
                    <trends>90</trends>
                    <status>0</status>
                    <value_type>3</value_type>
                    <allowed_hosts/>
                    <units>%</units>
                    <delta>0</delta>
                    <snmpv3_securityname/>
                    <snmpv3_securitylevel>0</snmpv3_securitylevel>
                    <snmpv3_authpassphrase/>
                    <snmpv3_privpassphrase/>
                    <formula>1</formula>
                    <delay_flex/>
                    <params/>
                    <ipmi_sensor/>
                    <data_type>0</data_type>
                    <authtype>0</authtype>
                    <username/>
                    <password/>
                    <publickey/>
                    <privatekey/>
                    <port/>
                    <description/>
                    <inventory_link>0</inventory_link>
                    <applications>
                        <application>
                            <name>Oracle</name>
                        </application>
                    </applications>
                    <valuemap/>
                </item>
                <item>
                    <name>Oracle/Buffer busy waits on {$DATABASE}</name>
                    <type>10</type>
                    <snmp_community/>
                    <multiplier>0</multiplier>
                    <snmp_oid/>
                    <key>pyora[{$USERNAME},{$PASSWORD},{$ADDRESS},{$DATABASE},bufbusywaits]</key>
                    <delay>300</delay>
                    <history>7</history>
                    <trends>90</trends>
                    <status>0</status>
                    <value_type>3</value_type>
                    <allowed_hosts/>
                    <units/>
                    <delta>0</delta>
                    <snmpv3_securityname/>
                    <snmpv3_securitylevel>0</snmpv3_securitylevel>
                    <snmpv3_authpassphrase/>
                    <snmpv3_privpassphrase/>
                    <formula>1</formula>
                    <delay_flex/>
                    <params/>
                    <ipmi_sensor/>
                    <data_type>0</data_type>
                    <authtype>0</authtype>
                    <username/>
                    <password/>
                    <publickey/>
                    <privatekey/>
                    <port/>
                    <description/>
                    <inventory_link>0</inventory_link>
                    <applications>
                        <application>
                            <name>Oracle</name>
                        </application>
                    </applications>
                    <valuemap/>
                </item>
                <item>
                    <name>Oracle/Database CPU Time Ratio on {$DATABASE}</name>
                    <type>10</type>
                    <snmp_community/>
                    <multiplier>0</multiplier>
                    <snmp_oid/>
                    <key>pyora[{$USERNAME},{$PASSWORD},{$ADDRESS},{$DATABASE},query_sysmetrics,Database_CPU_Time_Ratio]</key>
                    <delay>600</delay>
                    <history>7</history>
                    <trends>90</trends>
                    <status>0</status>
                    <value_type>0</value_type>
                    <allowed_hosts/>
                    <units>%</units>
                    <delta>0</delta>
                    <snmpv3_securityname/>
                    <snmpv3_securitylevel>0</snmpv3_securitylevel>
                    <snmpv3_authpassphrase/>
                    <snmpv3_privpassphrase/>
                    <formula>1</formula>
                    <delay_flex/>
                    <params/>
                    <ipmi_sensor/>
                    <data_type>0</data_type>
                    <authtype>0</authtype>
                    <username/>
                    <password/>
                    <publickey/>
                    <privatekey/>
                    <port/>
                    <description/>
                    <inventory_link>0</inventory_link>
                    <applications>
                        <application>
                            <name>Oracle</name>
                        </application>
                    </applications>
                    <valuemap/>
                </item>
                <item>
                    <name>Oracle/Database Wait Time Ratio on {$DATABASE}</name>
                    <type>10</type>
                    <snmp_community/>
                    <multiplier>0</multiplier>
                    <snmp_oid/>
                    <key>pyora[{$USERNAME},{$PASSWORD},{$ADDRESS},{$DATABASE},query_sysmetrics,Database_Wait_Time_Ratio]</key>
                    <delay>600</delay>
                    <history>7</history>
                    <trends>90</trends>
                    <status>0</status>
                    <value_type>0</value_type>
                    <allowed_hosts/>
                    <units>%</units>
                    <delta>0</delta>
                    <snmpv3_securityname/>
                    <snmpv3_securitylevel>0</snmpv3_securitylevel>
                    <snmpv3_authpassphrase/>
                    <snmpv3_privpassphrase/>
                    <formula>1</formula>
                    <delay_flex/>
                    <params/>
                    <ipmi_sensor/>
                    <data_type>0</data_type>
                    <authtype>0</authtype>
                    <username/>
                    <password/>
                    <publickey/>
                    <privatekey/>
                    <port/>
                    <description/>
                    <inventory_link>0</inventory_link>
                    <applications>
                        <application>
                            <name>Oracle</name>
                        </application>
                    </applications>
                    <valuemap/>
                </item>
                <item>
                    <name>Oracle/dbprllwrite on {$DATABASE}</name>
                    <type>10</type>
                    <snmp_community/>
                    <multiplier>0</multiplier>
                    <snmp_oid/>
                    <key>pyora[{$USERNAME},{$PASSWORD},{$ADDRESS},{$DATABASE},dbprllwrite]</key>
                    <delay>300</delay>
                    <history>7</history>
                    <trends>90</trends>
                    <status>0</status>
                    <value_type>3</value_type>
                    <allowed_hosts/>
                    <units/>
                    <delta>0</delta>
                    <snmpv3_securityname/>
                    <snmpv3_securitylevel>0</snmpv3_securitylevel>
                    <snmpv3_authpassphrase/>
                    <snmpv3_privpassphrase/>
                    <formula>1</formula>
                    <delay_flex/>
                    <params/>
                    <ipmi_sensor/>
                    <data_type>3</data_type>
                    <authtype>0</authtype>
                    <username/>
                    <password/>
                    <publickey/>
                    <privatekey/>
                    <port/>
                    <description/>
                    <inventory_link>0</inventory_link>
                    <applications>
                        <application>
                            <name>Oracle</name>
                        </application>
                    </applications>
                    <valuemap/>
                </item>
                <item>
                    <name>Oracle/dbscattread on {$DATABASE}</name>
                    <type>10</type>
                    <snmp_community/>
                    <multiplier>0</multiplier>
                    <snmp_oid/>
                    <key>pyora[{$USERNAME},{$PASSWORD},{$ADDRESS},{$DATABASE},dbscattread]</key>
                    <delay>300</delay>
                    <history>7</history>
                    <trends>90</trends>
                    <status>0</status>
                    <value_type>3</value_type>
                    <allowed_hosts/>
                    <units/>
                    <delta>0</delta>
                    <snmpv3_securityname/>
                    <snmpv3_securitylevel>0</snmpv3_securitylevel>
                    <snmpv3_authpassphrase/>
                    <snmpv3_privpassphrase/>
                    <formula>1</formula>
                    <delay_flex/>
                    <params/>
                    <ipmi_sensor/>
                    <data_type>0</data_type>
                    <authtype>0</authtype>
                    <username/>
                    <password/>
                    <publickey/>
                    <privatekey/>
                    <port/>
                    <description/>
                    <inventory_link>0</inventory_link>
                    <applications>
                        <application>
                            <name>Oracle</name>
                        </application>
                    </applications>
                    <valuemap/>
                </item>
                <item>
                    <name>Oracle/dbseqread on {$DATABASE}</name>
                    <type>10</type>
                    <snmp_community/>
                    <multiplier>0</multiplier>
                    <snmp_oid/>
                    <key>pyora[{$USERNAME},{$PASSWORD},{$ADDRESS},{$DATABASE},dbseqread]</key>
                    <delay>300</delay>
                    <history>7</history>
                    <trends>90</trends>
                    <status>0</status>
                    <value_type>3</value_type>
                    <allowed_hosts/>
                    <units/>
                    <delta>0</delta>
                    <snmpv3_securityname/>
                    <snmpv3_securitylevel>0</snmpv3_securitylevel>
                    <snmpv3_authpassphrase/>
                    <snmpv3_privpassphrase/>
                    <formula>1</formula>
                    <delay_flex/>
                    <params/>
                    <ipmi_sensor/>
                    <data_type>3</data_type>
                    <authtype>0</authtype>
                    <username/>
                    <password/>
                    <publickey/>
                    <privatekey/>
                    <port/>
                    <description/>
                    <inventory_link>0</inventory_link>
                    <applications>
                        <application>
                            <name>Oracle</name>
                        </application>
                    </applications>
                    <valuemap/>
                </item>
                <item>
                    <name>Oracle/dbsnglwrite {$DATABASE}</name>
                    <type>10</type>
                    <snmp_community/>
                    <multiplier>0</multiplier>
                    <snmp_oid/>
                    <key>pyora[{$USERNAME},{$PASSWORD},{$ADDRESS},{$DATABASE},dbsnglwrite]</key>
                    <delay>300</delay>
                    <history>7</history>
                    <trends>90</trends>
                    <status>0</status>
                    <value_type>3</value_type>
                    <allowed_hosts/>
                    <units/>
                    <delta>0</delta>
                    <snmpv3_securityname/>
                    <snmpv3_securitylevel>0</snmpv3_securitylevel>
                    <snmpv3_authpassphrase/>
                    <snmpv3_privpassphrase/>
                    <formula>1</formula>
                    <delay_flex/>
                    <params/>
                    <ipmi_sensor/>
                    <data_type>0</data_type>
                    <authtype>0</authtype>
                    <username/>
                    <password/>
                    <publickey/>
                    <privatekey/>
                    <port/>
                    <description/>
                    <inventory_link>0</inventory_link>
                    <applications>
                        <application>
                            <name>Oracle</name>
                        </application>
                    </applications>
                    <valuemap/>
                </item>
                <item>
                    <name>Oracle/Deadlocks on {$DATABASE}</name>
                    <type>10</type>
                    <snmp_community/>
                    <multiplier>0</multiplier>
                    <snmp_oid/>
                    <key>pyora[{$USERNAME},{$PASSWORD},{$ADDRESS},{$DATABASE},deadlocks]</key>
                    <delay>600</delay>
                    <history>7</history>
                    <trends>90</trends>
                    <status>0</status>
                    <value_type>3</value_type>
                    <allowed_hosts/>
                    <units/>
                    <delta>1</delta>
                    <snmpv3_securityname/>
                    <snmpv3_securitylevel>0</snmpv3_securitylevel>
                    <snmpv3_authpassphrase/>
                    <snmpv3_privpassphrase/>
                    <formula>1</formula>
                    <delay_flex/>
                    <params/>
                    <ipmi_sensor/>
                    <data_type>0</data_type>
                    <authtype>0</authtype>
                    <username/>
                    <password/>
                    <publickey/>
                    <privatekey/>
                    <port/>
                    <description/>
                    <inventory_link>0</inventory_link>
                    <applications>
                        <application>
                            <name>Oracle</name>
                        </application>
                    </applications>
                    <valuemap/>
                </item>
                <item>
                    <name>Oracle/Directread on {$DATABASE}</name>
                    <type>10</type>
                    <snmp_community/>
                    <multiplier>0</multiplier>
                    <snmp_oid/>
                    <key>pyora[{$USERNAME},{$PASSWORD},{$ADDRESS},{$DATABASE},directread]</key>
                    <delay>300</delay>
                    <history>7</history>
                    <trends>90</trends>
                    <status>0</status>
                    <value_type>3</value_type>
                    <allowed_hosts/>
                    <units/>
                    <delta>0</delta>
                    <snmpv3_securityname/>
                    <snmpv3_securitylevel>0</snmpv3_securitylevel>
                    <snmpv3_authpassphrase/>
                    <snmpv3_privpassphrase/>
                    <formula>1</formula>
                    <delay_flex/>
                    <params/>
                    <ipmi_sensor/>
                    <data_type>0</data_type>
                    <authtype>0</authtype>
                    <username/>
                    <password/>
                    <publickey/>
                    <privatekey/>
                    <port/>
                    <description/>
                    <inventory_link>0</inventory_link>
                    <applications>
                        <application>
                            <name>Oracle</name>
                        </application>
                    </applications>
                    <valuemap/>
                </item>
                <item>
                    <name>Oracle/Disk sorts ratio on {$DATABASE}</name>
                    <type>10</type>
                    <snmp_community/>
                    <multiplier>0</multiplier>
                    <snmp_oid/>
                    <key>pyora[{$USERNAME},{$PASSWORD},{$ADDRESS},{$DATABASE},dsksortratio]</key>
                    <delay>600</delay>
                    <history>7</history>
                    <trends>90</trends>
                    <status>0</status>
                    <value_type>0</value_type>
                    <allowed_hosts/>
                    <units>%</units>
                    <delta>0</delta>
                    <snmpv3_securityname/>
                    <snmpv3_securitylevel>0</snmpv3_securitylevel>
                    <snmpv3_authpassphrase/>
                    <snmpv3_privpassphrase/>
                    <formula>1</formula>
                    <delay_flex/>
                    <params/>
                    <ipmi_sensor/>
                    <data_type>0</data_type>
                    <authtype>0</authtype>
                    <username/>
                    <password/>
                    <publickey/>
                    <privatekey/>
                    <port/>
                    <description/>
                    <inventory_link>0</inventory_link>
                    <applications>
                        <application>
                            <name>Oracle</name>
                        </application>
                    </applications>
                    <valuemap/>
                </item>
                <item>
                    <name>Oracle/Enqueue on {$DATABASE}</name>
                    <type>10</type>
                    <snmp_community/>
                    <multiplier>0</multiplier>
                    <snmp_oid/>
                    <key>pyora[{$USERNAME},{$PASSWORD},{$ADDRESS},{$DATABASE},enqueue]</key>
                    <delay>300</delay>
                    <history>7</history>
                    <trends>90</trends>
                    <status>0</status>
                    <value_type>3</value_type>
                    <allowed_hosts/>
                    <units/>
                    <delta>0</delta>
                    <snmpv3_securityname/>
                    <snmpv3_securitylevel>0</snmpv3_securitylevel>
                    <snmpv3_authpassphrase/>
                    <snmpv3_privpassphrase/>
                    <formula>1</formula>
                    <delay_flex/>
                    <params/>
                    <ipmi_sensor/>
                    <data_type>0</data_type>
                    <authtype>0</authtype>
                    <username/>
                    <password/>
                    <publickey/>
                    <privatekey/>
                    <port/>
                    <description/>
                    <inventory_link>0</inventory_link>
                    <applications>
                        <application>
                            <name>Oracle</name>
                        </application>
                    </applications>
                    <valuemap/>
                </item>
                <item>
                    <name>Oracle/fra_use on {$DATABASE}</name>
                    <type>10</type>
                    <snmp_community/>
                    <multiplier>0</multiplier>
                    <snmp_oid/>
                    <key>pyora[{$USERNAME},{$PASSWORD},{$ADDRESS},{$DATABASE},fra_use]</key>
                    <delay>300</delay>
                    <history>7</history>
                    <trends>90</trends>
                    <status>0</status>
                    <value_type>0</value_type>
                    <allowed_hosts/>
                    <units/>
                    <delta>0</delta>
                    <snmpv3_securityname/>
                    <snmpv3_securitylevel>0</snmpv3_securitylevel>
                    <snmpv3_authpassphrase/>
                    <snmpv3_privpassphrase/>
                    <formula>1</formula>
                    <delay_flex/>
                    <params/>
                    <ipmi_sensor/>
                    <data_type>0</data_type>
                    <authtype>0</authtype>
                    <username/>
                    <password/>
                    <publickey/>
                    <privatekey/>
                    <port/>
                    <description/>
                    <inventory_link>0</inventory_link>
                    <applications>
                        <application>
                            <name>Oracle</name>
                        </application>
                    </applications>
                    <valuemap/>
                </item>
                <item>
                    <name>Oracle/freebufwaits on {$DATABASE}</name>
                    <type>10</type>
                    <snmp_community/>
                    <multiplier>0</multiplier>
                    <snmp_oid/>
                    <key>pyora[{$USERNAME},{$PASSWORD},{$ADDRESS},{$DATABASE},freebufwaits]</key>
                    <delay>300</delay>
                    <history>7</history>
                    <trends>90</trends>
                    <status>0</status>
                    <value_type>3</value_type>
                    <allowed_hosts/>
                    <units/>
                    <delta>0</delta>
                    <snmpv3_securityname/>
                    <snmpv3_securitylevel>0</snmpv3_securitylevel>
                    <snmpv3_authpassphrase/>
                    <snmpv3_privpassphrase/>
                    <formula>1</formula>
                    <delay_flex/>
                    <params/>
                    <ipmi_sensor/>
                    <data_type>0</data_type>
                    <authtype>0</authtype>
                    <username/>
                    <password/>
                    <publickey/>
                    <privatekey/>
                    <port/>
                    <description/>
                    <inventory_link>0</inventory_link>
                    <applications>
                        <application>
                            <name>Oracle</name>
                        </application>
                    </applications>
                    <valuemap/>
                </item>
                <item>
                    <name>Oracle/Hard parse ratio on {$DATABASE}</name>
                    <type>10</type>
                    <snmp_community/>
                    <multiplier>0</multiplier>
                    <snmp_oid/>
                    <key>pyora[{$USERNAME},{$PASSWORD},{$ADDRESS},{$DATABASE},hparsratio]</key>
                    <delay>600</delay>
                    <history>7</history>
                    <trends>90</trends>
                    <status>0</status>
                    <value_type>0</value_type>
                    <allowed_hosts/>
                    <units>%</units>
                    <delta>0</delta>
                    <snmpv3_securityname/>
                    <snmpv3_securitylevel>0</snmpv3_securitylevel>
                    <snmpv3_authpassphrase/>
                    <snmpv3_privpassphrase/>
                    <formula>1</formula>
                    <delay_flex/>
                    <params/>
                    <ipmi_sensor/>
                    <data_type>0</data_type>
                    <authtype>0</authtype>
                    <username/>
                    <password/>
                    <publickey/>
                    <privatekey/>
                    <port/>
                    <description/>
                    <inventory_link>0</inventory_link>
                    <applications>
                        <application>
                            <name>Oracle</name>
                        </application>
                    </applications>
                    <valuemap/>
                </item>
                <item>
                    <name>Oracle/Index fast full scans (full) on {$DATABASE}</name>
                    <type>10</type>
                    <snmp_community/>
                    <multiplier>0</multiplier>
                    <snmp_oid/>
                    <key>pyora[{$USERNAME},{$PASSWORD},{$ADDRESS},{$DATABASE},indexffs]</key>
                    <delay>300</delay>
                    <history>7</history>
                    <trends>90</trends>
                    <status>0</status>
                    <value_type>3</value_type>
                    <allowed_hosts/>
                    <units/>
                    <delta>1</delta>
                    <snmpv3_securityname/>
                    <snmpv3_securitylevel>0</snmpv3_securitylevel>
                    <snmpv3_authpassphrase/>
                    <snmpv3_privpassphrase/>
                    <formula>1</formula>
                    <delay_flex/>
                    <params/>
                    <ipmi_sensor/>
                    <data_type>0</data_type>
                    <authtype>0</authtype>
                    <username/>
                    <password/>
                    <publickey/>
                    <privatekey/>
                    <port/>
                    <description/>
                    <inventory_link>0</inventory_link>
                    <applications>
                        <application>
                            <name>Oracle</name>
                        </application>
                    </applications>
                    <valuemap/>
                </item>
                <item>
                    <name>Oracle/Intance is active and open on {$DATABASE}</name>
                    <type>10</type>
                    <snmp_community/>
                    <multiplier>0</multiplier>
                    <snmp_oid/>
                    <key>pyora[{$USERNAME},{$PASSWORD},{$ADDRESS},{$DATABASE},check_active]</key>
                    <delay>300</delay>
                    <history>7</history>
                    <trends>90</trends>
                    <status>0</status>
                    <value_type>3</value_type>
                    <allowed_hosts/>
                    <units/>
                    <delta>0</delta>
                    <snmpv3_securityname/>
                    <snmpv3_securitylevel>0</snmpv3_securitylevel>
                    <snmpv3_authpassphrase/>
                    <snmpv3_privpassphrase/>
                    <formula>1</formula>
                    <delay_flex/>
                    <params/>
                    <ipmi_sensor/>
                    <data_type>0</data_type>
                    <authtype>0</authtype>
                    <username/>
                    <password/>
                    <publickey/>
                    <privatekey/>
                    <port/>
                    <description/>
                    <inventory_link>0</inventory_link>
                    <applications>
                        <application>
                            <name>Oracle</name>
                        </application>
                    </applications>
                    <valuemap/>
                </item>
                <item>
                    <name>Oracle/Lastapplarclog on {$DATABASE}</name>
                    <type>10</type>
                    <snmp_community/>
                    <multiplier>0</multiplier>
                    <snmp_oid/>
                    <key>pyora[{$USERNAME},{$PASSWORD},{$ADDRESS},{$DATABASE},lastapplarclog]</key>
                    <delay>300</delay>
                    <history>7</history>
                    <trends>90</trends>
                    <status>0</status>
                    <value_type>3</value_type>
                    <allowed_hosts/>
                    <units/>
                    <delta>0</delta>
                    <snmpv3_securityname/>
                    <snmpv3_securitylevel>0</snmpv3_securitylevel>
                    <snmpv3_authpassphrase/>
                    <snmpv3_privpassphrase/>
                    <formula>1</formula>
                    <delay_flex/>
                    <params/>
                    <ipmi_sensor/>
                    <data_type>0</data_type>
                    <authtype>0</authtype>
                    <username/>
                    <password/>
                    <publickey/>
                    <privatekey/>
                    <port/>
                    <description/>
                    <inventory_link>0</inventory_link>
                    <applications>
                        <application>
                            <name>Oracle</name>
                        </application>
                    </applications>
                    <valuemap/>
                </item>
                <item>
                    <name>Oracle/Lastarclog on {$DATABASE}</name>
                    <type>10</type>
                    <snmp_community/>
                    <multiplier>0</multiplier>
                    <snmp_oid/>
                    <key>pyora[{$USERNAME},{$PASSWORD},{$ADDRESS},{$DATABASE},lastarclog]</key>
                    <delay>300</delay>
                    <history>7</history>
                    <trends>90</trends>
                    <status>0</status>
                    <value_type>3</value_type>
                    <allowed_hosts/>
                    <units/>
                    <delta>0</delta>
                    <snmpv3_securityname/>
                    <snmpv3_securitylevel>0</snmpv3_securitylevel>
                    <snmpv3_authpassphrase/>
                    <snmpv3_privpassphrase/>
                    <formula>1</formula>
                    <delay_flex/>
                    <params/>
                    <ipmi_sensor/>
                    <data_type>3</data_type>
                    <authtype>0</authtype>
                    <username/>
                    <password/>
                    <publickey/>
                    <privatekey/>
                    <port/>
                    <description/>
                    <inventory_link>0</inventory_link>
                    <applications>
                        <application>
                            <name>Oracle</name>
                        </application>
                    </applications>
                    <valuemap/>
                </item>
                <item>
                    <name>Oracle/Latchfree on {$DATABASE}</name>
                    <type>10</type>
                    <snmp_community/>
                    <multiplier>0</multiplier>
                    <snmp_oid/>
                    <key>pyora[{$USERNAME},{$PASSWORD},{$ADDRESS},{$DATABASE},latchfree]</key>
                    <delay>300</delay>
                    <history>7</history>
                    <trends>90</trends>
                    <status>0</status>
                    <value_type>3</value_type>
                    <allowed_hosts/>
                    <units/>
                    <delta>0</delta>
                    <snmpv3_securityname/>
                    <snmpv3_securitylevel>0</snmpv3_securitylevel>
                    <snmpv3_authpassphrase/>
                    <snmpv3_privpassphrase/>
                    <formula>1</formula>
                    <delay_flex/>
                    <params/>
                    <ipmi_sensor/>
                    <data_type>0</data_type>
                    <authtype>0</authtype>
                    <username/>
                    <password/>
                    <publickey/>
                    <privatekey/>
                    <port/>
                    <description/>
                    <inventory_link>0</inventory_link>
                    <applications>
                        <application>
                            <name>Oracle</name>
                        </application>
                    </applications>
                    <valuemap/>
                </item>
                <item>
                    <name>Oracle/Logfilesync on {$DATABASE}</name>
                    <type>10</type>
                    <snmp_community/>
                    <multiplier>0</multiplier>
                    <snmp_oid/>
                    <key>pyora[{$USERNAME},{$PASSWORD},{$ADDRESS},{$DATABASE},logfilesync]</key>
                    <delay>300</delay>
                    <history>7</history>
                    <trends>90</trends>
                    <status>0</status>
                    <value_type>3</value_type>
                    <allowed_hosts/>
                    <units/>
                    <delta>0</delta>
                    <snmpv3_securityname/>
                    <snmpv3_securitylevel>0</snmpv3_securitylevel>
                    <snmpv3_authpassphrase/>
                    <snmpv3_privpassphrase/>
                    <formula>1</formula>
                    <delay_flex/>
                    <params/>
                    <ipmi_sensor/>
                    <data_type>0</data_type>
                    <authtype>0</authtype>
                    <username/>
                    <password/>
                    <publickey/>
                    <privatekey/>
                    <port/>
                    <description/>
                    <inventory_link>0</inventory_link>
                    <applications>
                        <application>
                            <name>Oracle</name>
                        </application>
                    </applications>
                    <valuemap/>
                </item>
                <item>
                    <name>Oracle/Logonscurrent on {$DATABASE}</name>
                    <type>10</type>
                    <snmp_community/>
                    <multiplier>0</multiplier>
                    <snmp_oid/>
                    <key>pyora[{$USERNAME},{$PASSWORD},{$ADDRESS},{$DATABASE},logonscurrent]</key>
                    <delay>300</delay>
                    <history>7</history>
                    <trends>90</trends>
                    <status>0</status>
                    <value_type>3</value_type>
                    <allowed_hosts/>
                    <units/>
                    <delta>0</delta>
                    <snmpv3_securityname/>
                    <snmpv3_securitylevel>0</snmpv3_securitylevel>
                    <snmpv3_authpassphrase/>
                    <snmpv3_privpassphrase/>
                    <formula>1</formula>
                    <delay_flex/>
                    <params/>
                    <ipmi_sensor/>
                    <data_type>0</data_type>
                    <authtype>0</authtype>
                    <username/>
                    <password/>
                    <publickey/>
                    <privatekey/>
                    <port/>
                    <description/>
                    <inventory_link>0</inventory_link>
                    <applications>
                        <application>
                            <name>Oracle</name>
                        </application>
                    </applications>
                    <valuemap/>
                </item>
                <item>
                    <name>Oracle/Logprllwrite on {$DATABASE}</name>
                    <type>10</type>
                    <snmp_community/>
                    <multiplier>0</multiplier>
                    <snmp_oid/>
                    <key>pyora[{$USERNAME},{$PASSWORD},{$ADDRESS},{$DATABASE},logprllwrite]</key>
                    <delay>300</delay>
                    <history>7</history>
                    <trends>90</trends>
                    <status>0</status>
                    <value_type>3</value_type>
                    <allowed_hosts/>
                    <units/>
                    <delta>0</delta>
                    <snmpv3_securityname/>
                    <snmpv3_securitylevel>0</snmpv3_securitylevel>
                    <snmpv3_authpassphrase/>
                    <snmpv3_privpassphrase/>
                    <formula>1</formula>
                    <delay_flex/>
                    <params/>
                    <ipmi_sensor/>
                    <data_type>0</data_type>
                    <authtype>0</authtype>
                    <username/>
                    <password/>
                    <publickey/>
                    <privatekey/>
                    <port/>
                    <description/>
                    <inventory_link>0</inventory_link>
                    <applications>
                        <application>
                            <name>Oracle</name>
                        </application>
                    </applications>
                    <valuemap/>
                </item>
                <item>
                    <name>Oracle/Logswcompletion on {$DATABASE}</name>
                    <type>10</type>
                    <snmp_community/>
                    <multiplier>0</multiplier>
                    <snmp_oid/>
                    <key>pyora[{$USERNAME},{$PASSWORD},{$ADDRESS},{$DATABASE},logswcompletion]</key>
                    <delay>300</delay>
                    <history>7</history>
                    <trends>90</trends>
                    <status>0</status>
                    <value_type>3</value_type>
                    <allowed_hosts/>
                    <units/>
                    <delta>0</delta>
                    <snmpv3_securityname/>
                    <snmpv3_securitylevel>0</snmpv3_securitylevel>
                    <snmpv3_authpassphrase/>
                    <snmpv3_privpassphrase/>
                    <formula>1</formula>
                    <delay_flex/>
                    <params/>
                    <ipmi_sensor/>
                    <data_type>0</data_type>
                    <authtype>0</authtype>
                    <username/>
                    <password/>
                    <publickey/>
                    <privatekey/>
                    <port/>
                    <description/>
                    <inventory_link>0</inventory_link>
                    <applications>
                        <application>
                            <name>Oracle</name>
                        </application>
                    </applications>
                    <valuemap/>
                </item>
                <item>
                    <name>Oracle/Netresv on {$DATABASE}</name>
                    <type>10</type>
                    <snmp_community/>
                    <multiplier>0</multiplier>
                    <snmp_oid/>
                    <key>pyora[{$USERNAME},{$PASSWORD},{$ADDRESS},{$DATABASE},netresv]</key>
                    <delay>300</delay>
                    <history>7</history>
                    <trends>90</trends>
                    <status>0</status>
                    <value_type>3</value_type>
                    <allowed_hosts/>
                    <units>b</units>
                    <delta>1</delta>
                    <snmpv3_securityname/>
                    <snmpv3_securitylevel>0</snmpv3_securitylevel>
                    <snmpv3_authpassphrase/>
                    <snmpv3_privpassphrase/>
                    <formula>1</formula>
                    <delay_flex/>
                    <params/>
                    <ipmi_sensor/>
                    <data_type>0</data_type>
                    <authtype>0</authtype>
                    <username/>
                    <password/>
                    <publickey/>
                    <privatekey/>
                    <port/>
                    <description/>
                    <inventory_link>0</inventory_link>
                    <applications>
                        <application>
                            <name>Oracle</name>
                        </application>
                    </applications>
                    <valuemap/>
                </item>
                <item>
                    <name>Oracle/Netroundtrips on {$DATABASE}</name>
                    <type>10</type>
                    <snmp_community/>
                    <multiplier>0</multiplier>
                    <snmp_oid/>
                    <key>pyora[{$USERNAME},{$PASSWORD},{$ADDRESS},{$DATABASE},netroundtrips]</key>
                    <delay>300</delay>
                    <history>7</history>
                    <trends>90</trends>
                    <status>0</status>
                    <value_type>3</value_type>
                    <allowed_hosts/>
                    <units/>
                    <delta>0</delta>
                    <snmpv3_securityname/>
                    <snmpv3_securitylevel>0</snmpv3_securitylevel>
                    <snmpv3_authpassphrase/>
                    <snmpv3_privpassphrase/>
                    <formula>1</formula>
                    <delay_flex/>
                    <params/>
                    <ipmi_sensor/>
                    <data_type>0</data_type>
                    <authtype>0</authtype>
                    <username/>
                    <password/>
                    <publickey/>
                    <privatekey/>
                    <port/>
                    <description/>
                    <inventory_link>0</inventory_link>
                    <applications>
                        <application>
                            <name>Oracle</name>
                        </application>
                    </applications>
                    <valuemap/>
                </item>
                <item>
                    <name>Oracle/Netsent on {$DATABASE}</name>
                    <type>10</type>
                    <snmp_community/>
                    <multiplier>0</multiplier>
                    <snmp_oid/>
                    <key>pyora[{$USERNAME},{$PASSWORD},{$ADDRESS},{$DATABASE},netsent]</key>
                    <delay>300</delay>
                    <history>7</history>
                    <trends>90</trends>
                    <status>0</status>
                    <value_type>3</value_type>
                    <allowed_hosts/>
                    <units/>
                    <delta>0</delta>
                    <snmpv3_securityname/>
                    <snmpv3_securitylevel>0</snmpv3_securitylevel>
                    <snmpv3_authpassphrase/>
                    <snmpv3_privpassphrase/>
                    <formula>1</formula>
                    <delay_flex/>
                    <params/>
                    <ipmi_sensor/>
                    <data_type>0</data_type>
                    <authtype>0</authtype>
                    <username/>
                    <password/>
                    <publickey/>
                    <privatekey/>
                    <port/>
                    <description/>
                    <inventory_link>0</inventory_link>
                    <applications>
                        <application>
                            <name>Oracle</name>
                        </application>
                    </applications>
                    <valuemap/>
                </item>
                <item>
                    <name>Oracle/Query Lock on {$DATABASE}</name>
                    <type>10</type>
                    <snmp_community/>
                    <multiplier>0</multiplier>
                    <snmp_oid/>
                    <key>pyora[{$USERNAME},{$PASSWORD},{$ADDRESS},{$DATABASE},query_lock]</key>
                    <delay>300</delay>
                    <history>7</history>
                    <trends>90</trends>
                    <status>0</status>
                    <value_type>3</value_type>
                    <allowed_hosts/>
                    <units/>
                    <delta>0</delta>
                    <snmpv3_securityname/>
                    <snmpv3_securitylevel>0</snmpv3_securitylevel>
                    <snmpv3_authpassphrase/>
                    <snmpv3_privpassphrase/>
                    <formula>1</formula>
                    <delay_flex/>
                    <params/>
                    <ipmi_sensor/>
                    <data_type>0</data_type>
                    <authtype>0</authtype>
                    <username/>
                    <password/>
                    <publickey/>
                    <privatekey/>
                    <port/>
                    <description/>
                    <inventory_link>0</inventory_link>
                    <applications>
                        <application>
                            <name>Oracle</name>
                        </application>
                    </applications>
                    <valuemap/>
                </item>
                <item>
                    <name>Oracle/Query Redologs on {$DATABASE}</name>
                    <type>10</type>
                    <snmp_community/>
                    <multiplier>0</multiplier>
                    <snmp_oid/>
                    <key>pyora[{$USERNAME},{$PASSWORD},{$ADDRESS},{$DATABASE},query_redologs]</key>
                    <delay>300</delay>
                    <history>7</history>
                    <trends>90</trends>
                    <status>0</status>
                    <value_type>3</value_type>
                    <allowed_hosts/>
                    <units/>
                    <delta>0</delta>
                    <snmpv3_securityname/>
                    <snmpv3_securitylevel>0</snmpv3_securitylevel>
                    <snmpv3_authpassphrase/>
                    <snmpv3_privpassphrase/>
                    <formula>1</formula>
                    <delay_flex/>
                    <params/>
                    <ipmi_sensor/>
                    <data_type>0</data_type>
                    <authtype>0</authtype>
                    <username/>
                    <password/>
                    <publickey/>
                    <privatekey/>
                    <port/>
                    <description/>
                    <inventory_link>0</inventory_link>
                    <applications>
                        <application>
                            <name>Oracle</name>
                        </application>
                    </applications>
                    <valuemap/>
                </item>
                <item>
                    <name>Oracle/Query Rollbacks on {$DATABASE}</name>
                    <type>10</type>
                    <snmp_community/>
                    <multiplier>0</multiplier>
                    <snmp_oid/>
                    <key>pyora[{$USERNAME},{$PASSWORD},{$ADDRESS},{$DATABASE},query_rollbacks]</key>
                    <delay>300</delay>
                    <history>7</history>
                    <trends>90</trends>
                    <status>0</status>
                    <value_type>3</value_type>
                    <allowed_hosts/>
                    <units/>
                    <delta>0</delta>
                    <snmpv3_securityname/>
                    <snmpv3_securitylevel>0</snmpv3_securitylevel>
                    <snmpv3_authpassphrase/>
                    <snmpv3_privpassphrase/>
                    <formula>1</formula>
                    <delay_flex/>
                    <params/>
                    <ipmi_sensor/>
                    <data_type>0</data_type>
                    <authtype>0</authtype>
                    <username/>
                    <password/>
                    <publickey/>
                    <privatekey/>
                    <port/>
                    <description/>
                    <inventory_link>0</inventory_link>
                    <applications>
                        <application>
                            <name>Oracle</name>
                        </application>
                    </applications>
                    <valuemap/>
                </item>
                <item>
                    <name>Oracle/Query Sessions on {$DATABASE}</name>
                    <type>10</type>
                    <snmp_community/>
                    <multiplier>0</multiplier>
                    <snmp_oid/>
                    <key>pyora[{$USERNAME},{$PASSWORD},{$ADDRESS},{$DATABASE},query_sessions]</key>
                    <delay>300</delay>
                    <history>7</history>
                    <trends>90</trends>
                    <status>0</status>
                    <value_type>3</value_type>
                    <allowed_hosts/>
                    <units/>
                    <delta>0</delta>
                    <snmpv3_securityname/>
                    <snmpv3_securitylevel>0</snmpv3_securitylevel>
                    <snmpv3_authpassphrase/>
                    <snmpv3_privpassphrase/>
                    <formula>1</formula>
                    <delay_flex/>
                    <params/>
                    <ipmi_sensor/>
                    <data_type>0</data_type>
                    <authtype>0</authtype>
                    <username/>
                    <password/>
                    <publickey/>
                    <privatekey/>
                    <port/>
                    <description/>
                    <inventory_link>0</inventory_link>
                    <applications>
                        <application>
                            <name>Oracle</name>
                        </application>
                    </applications>
                    <valuemap/>
                </item>
                <item>
                    <name>Oracle/Query Temp on {$DATABASE}</name>
                    <type>10</type>
                    <snmp_community/>
                    <multiplier>0</multiplier>
                    <snmp_oid/>
                    <key>pyora[{$USERNAME},{$PASSWORD},{$ADDRESS},{$DATABASE},query_temp]</key>
                    <delay>300</delay>
                    <history>7</history>
                    <trends>90</trends>
                    <status>1</status>
                    <value_type>3</value_type>
                    <allowed_hosts/>
                    <units/>
                    <delta>0</delta>
                    <snmpv3_securityname/>
                    <snmpv3_securitylevel>0</snmpv3_securitylevel>
                    <snmpv3_authpassphrase/>
                    <snmpv3_privpassphrase/>
                    <formula>1</formula>
                    <delay_flex/>
                    <params/>
                    <ipmi_sensor/>
                    <data_type>0</data_type>
                    <authtype>0</authtype>
                    <username/>
                    <password/>
                    <publickey/>
                    <privatekey/>
                    <port/>
                    <description/>
                    <inventory_link>0</inventory_link>
                    <applications>
                        <application>
                            <name>Oracle</name>
                        </application>
                    </applications>
                    <valuemap/>
                </item>
                <item>
                    <name>Oracle/Read Cache hit ratio on {$DATABASE}</name>
                    <type>10</type>
                    <snmp_community/>
                    <multiplier>0</multiplier>
                    <snmp_oid/>
                    <key>pyora[{$USERNAME},{$PASSWORD},{$ADDRESS},{$DATABASE},rcachehit]</key>
                    <delay>600</delay>
                    <history>7</history>
                    <trends>90</trends>
                    <status>0</status>
                    <value_type>0</value_type>
                    <allowed_hosts/>
                    <units>%</units>
                    <delta>0</delta>
                    <snmpv3_securityname/>
                    <snmpv3_securitylevel>0</snmpv3_securitylevel>
                    <snmpv3_authpassphrase/>
                    <snmpv3_privpassphrase/>
                    <formula>1</formula>
                    <delay_flex/>
                    <params/>
                    <ipmi_sensor/>
                    <data_type>0</data_type>
                    <authtype>0</authtype>
                    <username/>
                    <password/>
                    <publickey/>
                    <privatekey/>
                    <port/>
                    <description/>
                    <inventory_link>0</inventory_link>
                    <applications>
                        <application>
                            <name>Oracle</name>
                        </application>
                    </applications>
                    <valuemap/>
                </item>
                <item>
                    <name>Oracle/Redo Writes on {$DATABASE}</name>
                    <type>10</type>
                    <snmp_community/>
                    <multiplier>0</multiplier>
                    <snmp_oid/>
                    <key>pyora[{$USERNAME},{$PASSWORD},{$ADDRESS},{$DATABASE},redowrites]</key>
                    <delay>300</delay>
                    <history>7</history>
                    <trends>90</trends>
                    <status>0</status>
                    <value_type>3</value_type>
                    <allowed_hosts/>
                    <units/>
                    <delta>1</delta>
                    <snmpv3_securityname/>
                    <snmpv3_securitylevel>0</snmpv3_securitylevel>
                    <snmpv3_authpassphrase/>
                    <snmpv3_privpassphrase/>
                    <formula>1</formula>
                    <delay_flex/>
                    <params/>
                    <ipmi_sensor/>
                    <data_type>0</data_type>
                    <authtype>0</authtype>
                    <username/>
                    <password/>
                    <publickey/>
                    <privatekey/>
                    <port/>
                    <description/>
                    <inventory_link>0</inventory_link>
                    <applications>
                        <application>
                            <name>Oracle</name>
                        </application>
                    </applications>
                    <valuemap/>
                </item>
                <item>
                    <name>Oracle/Size of all datafiles on {$DATABASE}</name>
                    <type>10</type>
                    <snmp_community/>
                    <multiplier>0</multiplier>
                    <snmp_oid/>
                    <key>pyora[{$USERNAME},{$PASSWORD},{$ADDRESS},{$DATABASE},dbfilesize]</key>
                    <delay>7200</delay>
                    <history>7</history>
                    <trends>90</trends>
                    <status>0</status>
                    <value_type>3</value_type>
                    <allowed_hosts/>
                    <units>B</units>
                    <delta>0</delta>
                    <snmpv3_securityname/>
                    <snmpv3_securitylevel>0</snmpv3_securitylevel>
                    <snmpv3_authpassphrase/>
                    <snmpv3_privpassphrase/>
                    <formula>1</formula>
                    <delay_flex/>
                    <params/>
                    <ipmi_sensor/>
                    <data_type>0</data_type>
                    <authtype>0</authtype>
                    <username/>
                    <password/>
                    <publickey/>
                    <privatekey/>
                    <port/>
                    <description/>
                    <inventory_link>0</inventory_link>
                    <applications>
                        <application>
                            <name>Oracle</name>
                        </application>
                    </applications>
                    <valuemap/>
                </item>
                <item>
                    <name>Oracle/Size of user data (without temp) on {$DATABASE}</name>
                    <type>10</type>
                    <snmp_community/>
                    <multiplier>0</multiplier>
                    <snmp_oid/>
                    <key>pyora[{$USERNAME},{$PASSWORD},{$ADDRESS},{$DATABASE},dbsize]</key>
                    <delay>7200</delay>
                    <history>7</history>
                    <trends>90</trends>
                    <status>0</status>
                    <value_type>3</value_type>
                    <allowed_hosts/>
                    <units>B</units>
                    <delta>0</delta>
                    <snmpv3_securityname/>
                    <snmpv3_securitylevel>0</snmpv3_securitylevel>
                    <snmpv3_authpassphrase/>
                    <snmpv3_privpassphrase/>
                    <formula>1</formula>
                    <delay_flex/>
                    <params/>
                    <ipmi_sensor/>
                    <data_type>0</data_type>
                    <authtype>0</authtype>
                    <username/>
                    <password/>
                    <publickey/>
                    <privatekey/>
                    <port/>
                    <description/>
                    <inventory_link>0</inventory_link>
                    <applications>
                        <application>
                            <name>Oracle</name>
                        </application>
                    </applications>
                    <valuemap/>
                </item>
                <item>
                    <name>Oracle/Table scan rows gotten on {$DATABASE}</name>
                    <type>10</type>
                    <snmp_community/>
                    <multiplier>0</multiplier>
                    <snmp_oid/>
                    <key>pyora[{$USERNAME},{$PASSWORD},{$ADDRESS},{$DATABASE},tblrowsscans]</key>
                    <delay>300</delay>
                    <history>7</history>
                    <trends>90</trends>
                    <status>0</status>
                    <value_type>3</value_type>
                    <allowed_hosts/>
                    <units/>
                    <delta>1</delta>
                    <snmpv3_securityname/>
                    <snmpv3_securitylevel>0</snmpv3_securitylevel>
                    <snmpv3_authpassphrase/>
                    <snmpv3_privpassphrase/>
                    <formula>1</formula>
                    <delay_flex/>
                    <params/>
                    <ipmi_sensor/>
                    <data_type>0</data_type>
                    <authtype>0</authtype>
                    <username/>
                    <password/>
                    <publickey/>
                    <privatekey/>
                    <port/>
                    <description/>
                    <inventory_link>0</inventory_link>
                    <applications>
                        <application>
                            <name>Oracle</name>
                        </application>
                    </applications>
                    <valuemap/>
                </item>
                <item>
                    <name>Oracle/Table scans (long tables) on {$DATABASE}</name>
                    <type>10</type>
                    <snmp_community/>
                    <multiplier>0</multiplier>
                    <snmp_oid/>
                    <key>pyora[{$USERNAME},{$PASSWORD},{$ADDRESS},{$DATABASE},tblscans]</key>
                    <delay>600</delay>
                    <history>7</history>
                    <trends>90</trends>
                    <status>0</status>
                    <value_type>3</value_type>
                    <allowed_hosts/>
                    <units/>
                    <delta>1</delta>
                    <snmpv3_securityname/>
                    <snmpv3_securitylevel>0</snmpv3_securitylevel>
                    <snmpv3_authpassphrase/>
                    <snmpv3_privpassphrase/>
                    <formula>1</formula>
                    <delay_flex/>
                    <params/>
                    <ipmi_sensor/>
                    <data_type>0</data_type>
                    <authtype>0</authtype>
                    <username/>
                    <password/>
                    <publickey/>
                    <privatekey/>
                    <port/>
                    <description/>
                    <inventory_link>0</inventory_link>
                    <applications>
                        <application>
                            <name>Oracle</name>
                        </application>
                    </applications>
                    <valuemap/>
                </item>
                <item>
                    <name>Oracle/Uptime on {$DATABASE}</name>
                    <type>10</type>
                    <snmp_community/>
                    <multiplier>0</multiplier>
                    <snmp_oid/>
                    <key>pyora[{$USERNAME},{$PASSWORD},{$ADDRESS},{$DATABASE},uptime]</key>
                    <delay>600</delay>
                    <history>7</history>
                    <trends>90</trends>
                    <status>0</status>
                    <value_type>3</value_type>
                    <allowed_hosts/>
                    <units>s</units>
                    <delta>0</delta>
                    <snmpv3_securityname/>
                    <snmpv3_securitylevel>0</snmpv3_securitylevel>
                    <snmpv3_authpassphrase/>
                    <snmpv3_privpassphrase/>
                    <formula>1</formula>
                    <delay_flex/>
                    <params/>
                    <ipmi_sensor/>
                    <data_type>0</data_type>
                    <authtype>0</authtype>
                    <username/>
                    <password/>
                    <publickey/>
                    <privatekey/>
                    <port/>
                    <description/>
                    <inventory_link>0</inventory_link>
                    <applications>
                        <application>
                            <name>Oracle</name>
                        </application>
                    </applications>
                    <valuemap/>
                </item>
                <item>
                    <name>Oracle/User Commits on {$DATABASE}</name>
                    <type>10</type>
                    <snmp_community/>
                    <multiplier>0</multiplier>
                    <snmp_oid/>
                    <key>pyora[{$USERNAME},{$PASSWORD},{$ADDRESS},{$DATABASE},commits]</key>
                    <delay>600</delay>
                    <history>7</history>
                    <trends>90</trends>
                    <status>0</status>
                    <value_type>3</value_type>
                    <allowed_hosts/>
                    <units/>
                    <delta>1</delta>
                    <snmpv3_securityname/>
                    <snmpv3_securitylevel>0</snmpv3_securitylevel>
                    <snmpv3_authpassphrase/>
                    <snmpv3_privpassphrase/>
                    <formula>1</formula>
                    <delay_flex/>
                    <params/>
                    <ipmi_sensor/>
                    <data_type>0</data_type>
                    <authtype>0</authtype>
                    <username/>
                    <password/>
                    <publickey/>
                    <privatekey/>
                    <port/>
                    <description/>
                    <inventory_link>0</inventory_link>
                    <applications>
                        <application>
                            <name>Oracle</name>
                        </application>
                    </applications>
                    <valuemap/>
                </item>
                <item>
                    <name>Oracle/User Transaction Per Sec on {$DATABASE}</name>
                    <type>10</type>
                    <snmp_community/>
                    <multiplier>0</multiplier>
                    <snmp_oid/>
                    <key>pyora[{$USERNAME},{$PASSWORD},{$ADDRESS},{$DATABASE},query_sysmetrics,User_Transaction_Per_Sec]</key>
                    <delay>600</delay>
                    <history>7</history>
                    <trends>90</trends>
                    <status>0</status>
                    <value_type>0</value_type>
                    <allowed_hosts/>
                    <units/>
                    <delta>0</delta>
                    <snmpv3_securityname/>
                    <snmpv3_securitylevel>0</snmpv3_securitylevel>
                    <snmpv3_authpassphrase/>
                    <snmpv3_privpassphrase/>
                    <formula>1</formula>
                    <delay_flex/>
                    <params/>
                    <ipmi_sensor/>
                    <data_type>0</data_type>
                    <authtype>0</authtype>
                    <username/>
                    <password/>
                    <publickey/>
                    <privatekey/>
                    <port/>
                    <description/>
                    <inventory_link>0</inventory_link>
                    <applications>
                        <application>
                            <name>Oracle</name>
                        </application>
                    </applications>
                    <valuemap/>
                </item>
                <item>
                    <name>Oracle/Version on {$DATABASE}</name>
                    <type>10</type>
                    <snmp_community/>
                    <multiplier>0</multiplier>
                    <snmp_oid/>
                    <key>pyora[{$USERNAME},{$PASSWORD},{$ADDRESS},{$DATABASE},version]</key>
                    <delay>7200</delay>
                    <history>90</history>
                    <trends>365</trends>
                    <status>0</status>
                    <value_type>1</value_type>
                    <allowed_hosts/>
                    <units/>
                    <delta>0</delta>
                    <snmpv3_securityname/>
                    <snmpv3_securitylevel>0</snmpv3_securitylevel>
                    <snmpv3_authpassphrase/>
                    <snmpv3_privpassphrase/>
                    <formula>1</formula>
                    <delay_flex/>
                    <params/>
                    <ipmi_sensor/>
                    <data_type>0</data_type>
                    <authtype>0</authtype>
                    <username/>
                    <password/>
                    <publickey/>
                    <privatekey/>
                    <port/>
                    <description/>
                    <inventory_link>0</inventory_link>
                    <applications>
                        <application>
                            <name>Oracle</name>
                        </application>
                    </applications>
                    <valuemap/>
                </item>
            </items>
            <discovery_rules>
                <discovery_rule>
                    <name>Discovery Oracle ASM volumes</name>
                    <type>10</type>
                    <snmp_community/>
                    <snmp_oid/>
                    <key>pyora[{$USERNAME},{$PASSWORD},{$ADDRESS},{$DATABASE},show_asm_volumes]</key>
                    <delay>3600</delay>
                    <status>0</status>
                    <allowed_hosts/>
                    <snmpv3_securityname/>
                    <snmpv3_securitylevel>0</snmpv3_securitylevel>
                    <snmpv3_authpassphrase/>
                    <snmpv3_privpassphrase/>
                    <delay_flex/>
                    <params/>
                    <ipmi_sensor/>
                    <authtype>0</authtype>
                    <username/>
                    <password/>
                    <publickey/>
                    <privatekey/>
                    <port/>
                    <filter>{#ASMVOLUME}:</filter>
                    <lifetime>30</lifetime>
                    <description/>
                    <item_prototypes>
                        <item_prototype>
                            <name>ASM Volume Use on {#ASMVOLUME}</name>
                            <type>10</type>
                            <snmp_community/>
                            <multiplier>0</multiplier>
                            <snmp_oid/>
                            <key>pyora[{$USERNAME},{$PASSWORD},{$ADDRESS},{$DATABASE},asm_volume_use,{#ASMVOLUME}]</key>
                            <delay>30</delay>
                            <history>7</history>
                            <trends>90</trends>
                            <status>0</status>
                            <value_type>0</value_type>
                            <allowed_hosts/>
                            <units>%</units>
                            <delta>0</delta>
                            <snmpv3_securityname/>
                            <snmpv3_securitylevel>0</snmpv3_securitylevel>
                            <snmpv3_authpassphrase/>
                            <snmpv3_privpassphrase/>
                            <formula>1</formula>
                            <delay_flex/>
                            <params/>
                            <ipmi_sensor/>
                            <data_type>0</data_type>
                            <authtype>0</authtype>
                            <username/>
                            <password/>
                            <publickey/>
                            <privatekey/>
                            <port/>
                            <description/>
                            <inventory_link>0</inventory_link>
                            <applications>
                                <application>
                                    <name>ASM Volumes</name>
                                </application>
                            </applications>
                            <valuemap/>
                        </item_prototype>
                    </item_prototypes>
                    <trigger_prototypes>
                        <trigger_prototype>
                            <expression>{Custom - Service - Oracle:pyora[{$USERNAME},{$PASSWORD},{$ADDRESS},{$DATABASE},asm_volume_use,{#ASMVOLUME}].last(0)}&gt;{$HIGH}</expression>
                            <name>Oracle/ASM Volume {#ASMVOLUME} used &gt; {$HIGH} %</name>
                            <url/>
                            <status>0</status>
                            <priority>4</priority>
                            <description/>
                            <type>0</type>
                        </trigger_prototype>
                    </trigger_prototypes>
                    <graph_prototypes/>
                </discovery_rule>
                <discovery_rule>
                    <name>Discovery Oracle tablespaces</name>
                    <type>10</type>
                    <snmp_community/>
                    <snmp_oid/>
                    <key>pyora[{$USERNAME},{$PASSWORD},{$ADDRESS},{$DATABASE},show_tablespaces]</key>
                    <delay>3600</delay>
                    <status>0</status>
                    <allowed_hosts/>
                    <snmpv3_securityname/>
                    <snmpv3_securitylevel>0</snmpv3_securitylevel>
                    <snmpv3_authpassphrase/>
                    <snmpv3_privpassphrase/>
                    <delay_flex/>
                    <params/>
                    <ipmi_sensor/>
                    <authtype>0</authtype>
                    <username/>
                    <password/>
                    <publickey/>
                    <privatekey/>
                    <port/>
                    <filter>{#TABLESPACE}:</filter>
                    <lifetime>30</lifetime>
                    <description/>
                    <item_prototypes>
                        <item_prototype>
                            <name>Tablespace Use on {#TABLESPACE}</name>
                            <type>10</type>
                            <snmp_community/>
                            <multiplier>0</multiplier>
                            <snmp_oid/>
                            <key>pyora[{$USERNAME},{$PASSWORD},{$ADDRESS},{$DATABASE},tablespace,{#TABLESPACE}]</key>
                            <delay>300</delay>
                            <history>7</history>
                            <trends>90</trends>
                            <status>0</status>
                            <value_type>0</value_type>
                            <allowed_hosts/>
                            <units>%</units>
                            <delta>0</delta>
                            <snmpv3_securityname/>
                            <snmpv3_securitylevel>0</snmpv3_securitylevel>
                            <snmpv3_authpassphrase/>
                            <snmpv3_privpassphrase/>
                            <formula>1</formula>
                            <delay_flex/>
                            <params/>
                            <ipmi_sensor/>
                            <data_type>0</data_type>
                            <authtype>0</authtype>
                            <username/>
                            <password/>
                            <publickey/>
                            <privatekey/>
                            <port/>
                            <description/>
                            <inventory_link>0</inventory_link>
                            <applications>
                                <application>
                                    <name>Tablespaces</name>
                                </application>
                            </applications>
                            <valuemap/>
                        </item_prototype>
                    </item_prototypes>
                    <trigger_prototypes>
                        <trigger_prototype>
                            <expression>{Custom - Service - Oracle:pyora[{$USERNAME},{$PASSWORD},{$ADDRESS},{$DATABASE},tablespace,{#TABLESPACE}].last(0)}&gt;{$HIGH}</expression>
                            <name>Oracle/Tablespace {#TABLESPACE} used on {$DATABASE} &gt; {$HIGH} %</name>
                            <url/>
                            <status>0</status>
                            <priority>4</priority>
                            <description/>
                            <type>0</type>
                        </trigger_prototype>
                    </trigger_prototypes>
                    <graph_prototypes/>
                </discovery_rule>
                <discovery_rule>
                    <name>Discovery Oracle temp tablespaces</name>
                    <type>10</type>
                    <snmp_community/>
                    <snmp_oid/>
                    <key>pyora[{$USERNAME},{$PASSWORD},{$ADDRESS},{$DATABASE},show_tablespaces_temp]</key>
                    <delay>3600</delay>
                    <status>0</status>
                    <allowed_hosts/>
                    <snmpv3_securityname/>
                    <snmpv3_securitylevel>0</snmpv3_securitylevel>
                    <snmpv3_authpassphrase/>
                    <snmpv3_privpassphrase/>
                    <delay_flex/>
                    <params/>
                    <ipmi_sensor/>
                    <authtype>0</authtype>
                    <username/>
                    <password/>
                    <publickey/>
                    <privatekey/>
                    <port/>
                    <filter>{#TABLESPACE_TEMP}:</filter>
                    <lifetime>30</lifetime>
                    <description/>
                    <item_prototypes>
                        <item_prototype>
                            <name>Temp Tablespace Use on {#TABLESPACE_TEMP}</name>
                            <type>10</type>
                            <snmp_community/>
                            <multiplier>0</multiplier>
                            <snmp_oid/>
                            <key>pyora[{$USERNAME},{$PASSWORD},{$ADDRESS},{$DATABASE},tablespace_temp,{#TABLESPACE_TEMP}]</key>
                            <delay>300</delay>
                            <history>90</history>
                            <trends>365</trends>
                            <status>0</status>
                            <value_type>0</value_type>
                            <allowed_hosts/>
                            <units>%</units>
                            <delta>0</delta>
                            <snmpv3_securityname/>
                            <snmpv3_securitylevel>0</snmpv3_securitylevel>
                            <snmpv3_authpassphrase/>
                            <snmpv3_privpassphrase/>
                            <formula>1</formula>
                            <delay_flex/>
                            <params/>
                            <ipmi_sensor/>
                            <data_type>0</data_type>
                            <authtype>0</authtype>
                            <username/>
                            <password/>
                            <publickey/>
                            <privatekey/>
                            <port/>
                            <description/>
                            <inventory_link>0</inventory_link>
                            <applications>
                                <application>
                                    <name>Temp Tablespaces</name>
                                </application>
                            </applications>
                            <valuemap/>
                        </item_prototype>
                    </item_prototypes>
                    <trigger_prototypes>
                        <trigger_prototype>
                            <expression>{Custom - Service - Oracle:pyora[{$USERNAME},{$PASSWORD},{$ADDRESS},{$DATABASE},tablespace_temp,{#TABLESPACE_TEMP}].last(0)}&gt;{$HIGH}</expression>
                            <name>Oracle/Tablespace TEMP {#TABLESPACE_TEMP} used on {$DATABASE} &gt; {$HIGH} %</name>
                            <url/>
                            <status>0</status>
                            <priority>4</priority>
                            <description/>
                            <type>0</type>
                        </trigger_prototype>
                    </trigger_prototypes>
                    <graph_prototypes/>
                </discovery_rule>
            </discovery_rules>
            <macros>
                <macro>
                    <macro>{$HIGH}</macro>
                    <value>97</value>
                </macro>
            </macros>
            <templates/>
            <screens/>
        </template>
    </templates>
    <triggers>
        <trigger>
            <expression>{Custom - Service - Oracle:pyora[{$USERNAME},{$PASSWORD},{$ADDRESS},{$DATABASE},check_archive,{$ARCHIVE}].last(0)}&gt;90</expression>
            <name>Oracle/Archive {$ARCHIVE} used on {$DATABASE} &gt; 90%</name>
            <url/>
            <status>0</status>
            <priority>3</priority>
            <description>Database archive used is &gt; 90%</description>
            <type>0</type>
            <dependencies/>
        </trigger>
        <trigger>
            <expression>{Custom - Service - Oracle:pyora[{$USERNAME},{$PASSWORD},{$ADDRESS},{$DATABASE},check_active].last(0)}#1</expression>
            <name>Oracle/Database {$DATABASE} is down</name>
            <url/>
            <status>0</status>
            <priority>5</priority>
            <description>Banco de dados fora do ar - Acionar o DBA de Plantão.</description>
            <type>0</type>
            <dependencies/>
        </trigger>
        <trigger>
            <expression>{Custom - Service - Oracle:pyora[{$USERNAME},{$PASSWORD},{$ADDRESS},{$DATABASE},check_active].nodata(700)}=1</expression>
            <name>Oracle/Database {$DATABASE} is not responding</name>
            <url/>
            <status>0</status>
            <priority>5</priority>
            <description>Banco de dados fora do ar - Acionar o DBA de Plantão.</description>
            <type>0</type>
            <dependencies/>
        </trigger>
        <trigger>
            <expression>{Custom - Service - Oracle:pyora[{$USERNAME},{$PASSWORD},{$ADDRESS},{$DATABASE},fra_use].last(0)}&gt;90</expression>
            <name>Oracle/fra_use used on {$DATABASE} &gt; 90%</name>
            <url/>
            <status>0</status>
            <priority>4</priority>
            <description>Fast Recovery Area usage &gt; 90%</description>
            <type>0</type>
            <dependencies/>
        </trigger>
        <trigger>
            <expression>{Custom - Service - Oracle:pyora[{$USERNAME},{$PASSWORD},{$ADDRESS},{$DATABASE},query_lock].last(0)}&gt;0</expression>
            <name>Oracle/Query Lock on {$DATABASE} &gt; 1</name>
            <url/>
            <status>0</status>
            <priority>4</priority>
            <description/>
            <type>0</type>
            <dependencies/>
        </trigger>
        <trigger>
            <expression>{Custom - Service - Oracle:pyora[{$USERNAME},{$PASSWORD},{$ADDRESS},{$DATABASE},query_sessions].last(0)}&gt;250</expression>
            <name>Oracle/Query Sessions on {$DATABASE} &gt; 250</name>
            <url/>
            <status>0</status>
            <priority>4</priority>
            <description/>
            <type>0</type>
            <dependencies/>
        </trigger>
    </triggers>
</zabbix_export>
