<?xml version="1.0" encoding="UTF-8"?>
<zabbix_export>
    <version>2.0</version>
    <date>2018-01-22T07:14:42Z</date>
    <groups>
        <group>
            <name>Templates</name>
        </group>
    </groups>
    <templates>
        <template>
            <template>Template Network Traffic Check By Public Snmp V2</template>
            <name>Template Network Traffic Check By Public Snmp V2</name>
            <description/>
            <groups>
                <group>
                    <name>Templates</name>
                </group>
            </groups>
            <applications>
                <application>
                    <name>Interface(s)</name>
                </application>
            </applications>
            <items/>
            <discovery_rules/>
            <macros/>
            <templates>
                <template>
                    <name>Template SNMP Interfaces</name>
                </template>
            </templates>
            <screens/>
        </template>
    </templates>
</zabbix_export>
