{
  "__inputs": [
    {
      "name": "DS_CLOUDWATCH",
      "label": "cloudwatch",
      "description": "",
      "type": "datasource",
      "pluginId": "cloudwatch",
      "pluginName": "CloudWatch"
    }
  ],
  "__requires": [
    {
      "type": "panel",
      "id": "graph",
      "name": "Graph",
      "version": ""
    },
    {
      "type": "panel",
      "id": "text",
      "name": "Text",
      "version": ""
    },
    {
      "type": "grafana",
      "id": "grafana",
      "name": "Grafana",
      "version": "3.1.0"
    },
    {
      "type": "datasource",
      "id": "cloudwatch",
      "name": "CloudWatch",
      "version": "1.0.0"
    }
  ],
  "id": null,
  "title": "AWS EBS",
  "description": "Visualize AWS EBS metrics",
  "tags": [
    "monitoringartist",
    "cloudwatch"
  ],
  "style": "dark",
  "timezone": "browser",
  "editable": true,
  "hideControls": false,
  "sharedCrosshair": false,
  "rows": [
    {
      "collapse": false,
      "editable": true,
      "height": "250px",
      "panels": [
        {
          "aliasColors": {},
          "bars": false,
          "datasource": "${DS_CLOUDWATCH}",
          "editable": true,
          "error": false,
          "fill": 1,
          "grid": {
            "threshold1": null,
            "threshold1Color": "rgba(216, 200, 27, 0.27)",
            "threshold2": null,
            "threshold2Color": "rgba(234, 112, 112, 0.22)"
          },
          "id": 16,
          "isNew": true,
          "legend": {
            "alignAsTable": true,
            "avg": true,
            "current": true,
            "max": true,
            "min": true,
            "show": true,
            "sort": "current",
            "sortDesc": true,
            "total": false,
            "values": true
          },
          "lines": true,
          "linewidth": 2,
          "links": [],
          "nullPointMode": "connected",
          "percentage": false,
          "pointradius": 5,
          "points": false,
          "renderer": "flot",
          "seriesOverrides": [
            {
              "alias": "VolumeIdleTime_Average",
              "yaxis": 2
            }
          ],
          "span": 12,
          "stack": false,
          "steppedLine": false,
          "targets": [
            {
              "alias": "",
              "application": {
                "filter": ""
              },
              "dimensions": {
                "VolumeId": "$volumeid"
              },
              "functions": [],
              "group": {
                "filter": ""
              },
              "host": {
                "filter": ""
              },
              "item": {
                "filter": ""
              },
              "metricName": "VolumeQueueLength",
              "mode": 0,
              "namespace": "AWS/EBS",
              "options": {
                "showDisabledItems": false
              },
              "period": "",
              "refId": "A",
              "region": "$region",
              "statistics": [
                "Average"
              ]
            }
          ],
          "timeFrom": null,
          "timeShift": null,
          "title": "VolumeQueueLength",
          "tooltip": {
            "msResolution": false,
            "shared": true,
            "sort": 0,
            "value_type": "cumulative"
          },
          "type": "graph",
          "xaxis": {
            "show": true
          },
          "yaxes": [
            {
              "format": "none",
              "label": null,
              "logBase": 1,
              "max": null,
              "min": 0,
              "show": true
            },
            {
              "format": "s",
              "label": null,
              "logBase": 1,
              "max": null,
              "min": null,
              "show": false
            }
          ]
        }
      ],
      "title": "New row"
    },
    {
      "collapse": false,
      "editable": true,
      "height": "250px",
      "panels": [
        {
          "aliasColors": {},
          "bars": false,
          "datasource": "${DS_CLOUDWATCH}",
          "editable": true,
          "error": false,
          "fill": 1,
          "grid": {
            "threshold1": null,
            "threshold1Color": "rgba(216, 200, 27, 0.27)",
            "threshold2": null,
            "threshold2Color": "rgba(234, 112, 112, 0.22)"
          },
          "id": 17,
          "isNew": true,
          "legend": {
            "alignAsTable": true,
            "avg": true,
            "current": true,
            "max": true,
            "min": true,
            "show": true,
            "sort": "current",
            "sortDesc": true,
            "total": false,
            "values": true
          },
          "lines": true,
          "linewidth": 2,
          "links": [],
          "nullPointMode": "connected",
          "percentage": false,
          "pointradius": 5,
          "points": false,
          "renderer": "flot",
          "seriesOverrides": [
            {
              "alias": "VolumeIdleTime_Average",
              "yaxis": 2
            }
          ],
          "span": 12,
          "stack": false,
          "steppedLine": false,
          "targets": [
            {
              "alias": "",
              "application": {
                "filter": ""
              },
              "dimensions": {
                "VolumeId": "$volumeid"
              },
              "functions": [],
              "group": {
                "filter": ""
              },
              "host": {
                "filter": ""
              },
              "item": {
                "filter": ""
              },
              "metricName": "VolumeTotalReadTime",
              "mode": 0,
              "namespace": "AWS/EBS",
              "options": {
                "showDisabledItems": false
              },
              "period": "",
              "refId": "A",
              "region": "$region",
              "statistics": [
                "Average"
              ]
            },
            {
              "alias": "",
              "application": {
                "filter": ""
              },
              "dimensions": {
                "VolumeId": "$volumeid"
              },
              "functions": [],
              "group": {
                "filter": ""
              },
              "host": {
                "filter": ""
              },
              "item": {
                "filter": ""
              },
              "metricName": "VolumeTotalWriteTime",
              "mode": 0,
              "namespace": "AWS/EBS",
              "options": {
                "showDisabledItems": false
              },
              "period": "",
              "refId": "B",
              "region": "$region",
              "statistics": [
                "Average"
              ]
            },
            {
              "alias": "",
              "application": {
                "filter": ""
              },
              "dimensions": {
                "VolumeId": "$volumeid"
              },
              "functions": [],
              "group": {
                "filter": ""
              },
              "host": {
                "filter": ""
              },
              "item": {
                "filter": ""
              },
              "metricName": "VolumeIdleTime",
              "mode": 0,
              "namespace": "AWS/EBS",
              "options": {
                "showDisabledItems": false
              },
              "period": "",
              "refId": "C",
              "region": "$region",
              "statistics": [
                "Average"
              ]
            }
          ],
          "timeFrom": null,
          "timeShift": null,
          "title": "VolumeTime",
          "tooltip": {
            "msResolution": false,
            "shared": true,
            "sort": 0,
            "value_type": "cumulative"
          },
          "type": "graph",
          "xaxis": {
            "show": true
          },
          "yaxes": [
            {
              "format": "s",
              "label": null,
              "logBase": 1,
              "max": null,
              "min": 0,
              "show": true
            },
            {
              "format": "s",
              "label": null,
              "logBase": 1,
              "max": null,
              "min": null,
              "show": true
            }
          ]
        }
      ],
      "title": "New row"
    },
    {
      "collapse": false,
      "editable": true,
      "height": "250px",
      "panels": [
        {
          "aliasColors": {},
          "bars": false,
          "datasource": "${DS_CLOUDWATCH}",
          "editable": true,
          "error": false,
          "fill": 1,
          "grid": {
            "threshold1": null,
            "threshold1Color": "rgba(216, 200, 27, 0.27)",
            "threshold2": null,
            "threshold2Color": "rgba(234, 112, 112, 0.22)"
          },
          "id": 18,
          "isNew": true,
          "legend": {
            "alignAsTable": true,
            "avg": true,
            "current": true,
            "max": true,
            "min": true,
            "show": true,
            "sort": "current",
            "sortDesc": true,
            "total": false,
            "values": true
          },
          "lines": true,
          "linewidth": 2,
          "links": [],
          "nullPointMode": "connected",
          "percentage": false,
          "pointradius": 5,
          "points": false,
          "renderer": "flot",
          "seriesOverrides": [
            {
              "alias": "VolumeIdleTime_Average",
              "yaxis": 2
            },
            {
              "alias": "VolumeConsumedReadWriteOps_Average",
              "yaxis": 2
            }
          ],
          "span": 12,
          "stack": false,
          "steppedLine": false,
          "targets": [
            {
              "alias": "",
              "application": {
                "filter": ""
              },
              "dimensions": {
                "VolumeId": "$volumeid"
              },
              "functions": [],
              "group": {
                "filter": ""
              },
              "host": {
                "filter": ""
              },
              "item": {
                "filter": ""
              },
              "metricName": "VolumeThroughputPercentage",
              "mode": 0,
              "namespace": "AWS/EBS",
              "options": {
                "showDisabledItems": false
              },
              "period": "",
              "refId": "A",
              "region": "$region",
              "statistics": [
                "Average"
              ]
            },
            {
              "alias": "",
              "application": {
                "filter": ""
              },
              "dimensions": {
                "VolumeId": "$volumeid"
              },
              "functions": [],
              "group": {
                "filter": ""
              },
              "host": {
                "filter": ""
              },
              "item": {
                "filter": ""
              },
              "metricName": "VolumeConsumedReadWriteOps",
              "mode": 0,
              "namespace": "AWS/EBS",
              "options": {
                "showDisabledItems": false
              },
              "period": "",
              "refId": "B",
              "region": "$region",
              "statistics": [
                "Average"
              ]
            }
          ],
          "timeFrom": null,
          "timeShift": null,
          "title": "VolumeThroughputPercentage",
          "tooltip": {
            "msResolution": false,
            "shared": true,
            "sort": 0,
            "value_type": "cumulative"
          },
          "type": "graph",
          "xaxis": {
            "show": true
          },
          "yaxes": [
            {
              "format": "percent",
              "label": null,
              "logBase": 1,
              "max": null,
              "min": 0,
              "show": true
            },
            {
              "format": "none",
              "label": null,
              "logBase": 1,
              "max": null,
              "min": 0,
              "show": true
            }
          ]
        }
      ],
      "title": "New row"
    },
    {
      "collapse": false,
      "editable": true,
      "height": "250px",
      "panels": [
        {
          "aliasColors": {},
          "bars": false,
          "datasource": "${DS_CLOUDWATCH}",
          "editable": true,
          "error": false,
          "fill": 1,
          "grid": {
            "threshold1": null,
            "threshold1Color": "rgba(216, 200, 27, 0.27)",
            "threshold2": null,
            "threshold2Color": "rgba(234, 112, 112, 0.22)"
          },
          "id": 19,
          "isNew": true,
          "legend": {
            "alignAsTable": true,
            "avg": true,
            "current": true,
            "max": true,
            "min": true,
            "show": true,
            "sort": "current",
            "sortDesc": true,
            "total": false,
            "values": true
          },
          "lines": true,
          "linewidth": 2,
          "links": [],
          "nullPointMode": "connected",
          "percentage": false,
          "pointradius": 5,
          "points": false,
          "renderer": "flot",
          "seriesOverrides": [
            {
              "alias": "VolumeIdleTime_Average",
              "yaxis": 2
            },
            {
              "alias": "VolumeConsumedReadWriteOps_Average",
              "yaxis": 2
            }
          ],
          "span": 12,
          "stack": false,
          "steppedLine": false,
          "targets": [
            {
              "alias": "",
              "application": {
                "filter": ""
              },
              "dimensions": {
                "VolumeId": "$volumeid"
              },
              "functions": [],
              "group": {
                "filter": ""
              },
              "host": {
                "filter": ""
              },
              "item": {
                "filter": ""
              },
              "metricName": "BurstBalance",
              "mode": 0,
              "namespace": "AWS/EBS",
              "options": {
                "showDisabledItems": false
              },
              "period": "",
              "refId": "A",
              "region": "$region",
              "statistics": [
                "Average"
              ]
            }
          ],
          "timeFrom": null,
          "timeShift": null,
          "title": "BurstBalance",
          "tooltip": {
            "msResolution": false,
            "shared": true,
            "sort": 0,
            "value_type": "cumulative"
          },
          "type": "graph",
          "xaxis": {
            "show": true
          },
          "yaxes": [
            {
              "format": "percent",
              "label": null,
              "logBase": 1,
              "max": null,
              "min": 0,
              "show": true
            },
            {
              "format": "none",
              "label": null,
              "logBase": 1,
              "max": null,
              "min": 0,
              "show": false
            }
          ]
        }
      ],
      "title": "New row"
    },
    {
      "collapse": false,
      "editable": true,
      "height": "25px",
      "panels": [
        {
          "content": "<a style=\"float: right\" href=\"http://www.monitoringartist.com\" target=\"_blank\" title=\"Dashboard maintained by Monitoring Artist - DevOps / Docker / Kubernetes / AWS ECS / Google GCP / Zabbix / Zenoss / Terraform / Monitoring\"><img src=\"https://monitoringartist.github.io/monitoring-artist-logo-grafana.png\" height=\"30px\" /></a>\n<a style=\"float: left\"  target=\"_blank\" href=\"http://docs.aws.amazon.com/AmazonCloudWatch/latest/monitoring/ebs-metricscollected.html\">AWS Cloudwatch EBS documentation</a><br/>\n<a style=\"float: left\"  target=\"_blank\" href=\"https://grafana.com/dashboards/623\">Installed from Grafana.com dashboards</a>\n<div style=\"clear:both; width:100%;height:0;font-size:0;\"></div>",
          "editable": true,
          "error": false,
          "id": 2,
          "isNew": true,
          "links": [],
          "mode": "html",
          "span": 12,
          "title": "Documentation",
          "type": "text"
        }
      ],
      "title": "New row"
    }
  ],
  "time": {
    "from": "now-7d",
    "to": "now"
  },
  "timepicker": {
    "refresh_intervals": [
      "5s",
      "10s",
      "30s",
      "1m",
      "5m",
      "15m",
      "30m",
      "1h",
      "2h",
      "1d"
    ],
    "time_options": [
      "5m",
      "15m",
      "1h",
      "6h",
      "12h",
      "24h",
      "2d",
      "7d",
      "30d"
    ]
  },
  "templating": {
    "list": [
      {
        "current": {},
        "datasource": "${DS_CLOUDWATCH}",
        "hide": 0,
        "includeAll": false,
        "label": "Region",
        "multi": false,
        "name": "region",
        "options": [],
        "query": "regions()",
        "refresh": 1,
        "type": "query"
      },
      {
        "current": {},
        "datasource": "${DS_CLOUDWATCH}",
        "hide": 0,
        "includeAll": false,
        "label": "VolumeId",
        "multi": false,
        "name": "volumeid",
        "options": [],
        "query": "dimension_values($region, AWS/EBS, VolumeQueueLength, VolumeId)",
        "refresh": 1,
        "type": "query"
      }
    ]
  },
  "annotations": {
    "list": []
  },
  "refresh": false,
  "schemaVersion": 12,
  "version": 4,
  "links": [],
  "gnetId": 623
}
