{
  "__inputs": [
    {
      "name": "DS_CLOUDWATCH",
      "label": "cloudwatch",
      "description": "",
      "type": "datasource",
      "pluginId": "cloudwatch",
      "pluginName": "CloudWatch"
    }
  ],
  "__requires": [
    {
      "type": "datasource",
      "id": "cloudwatch",
      "name": "CloudWatch",
      "version": "1.0.0"
    },
    {
      "type": "grafana",
      "id": "grafana",
      "name": "Grafana",
      "version": "3.1.0"
    },
    {
      "type": "panel",
      "id": "graph",
      "name": "Graph",
      "version": ""
    },
    {
      "type": "panel",
      "id": "text",
      "name": "Text",
      "version": ""
    }
  ],
  "annotations": {
    "list": []
  },
  "description": "Visualize AWS VPN metrics",
  "editable": false,
  "gnetId": 653,
  "graphTooltip": 0,
  "hideControls": true,
  "id": null,
  "links": [],
  "refresh": false,
  "rows": [
    {
      "collapse": false,
      "height": "250px",
      "panels": [
        {
          "aliasColors": {},
          "bars": false,
          "dashLength": 10,
          "dashes": false,
          "datasource": "${DS_CLOUDWATCH}",
          "editable": true,
          "error": false,
          "fill": 1,
          "grid": {},
          "id": 7,
          "legend": {
            "alignAsTable": true,
            "avg": true,
            "current": true,
            "max": true,
            "min": true,
            "show": true,
            "sort": "current",
            "sortDesc": true,
            "total": false,
            "values": true
          },
          "lines": true,
          "linewidth": 2,
          "links": [],
          "nullPointMode": "null as zero",
          "percentage": false,
          "pointradius": 5,
          "points": false,
          "renderer": "flot",
          "seriesOverrides": [
            {
              "alias": "Latency_Average",
              "yaxis": 2
            },
            {
              "alias": "TargetResponseTime_Average",
              "yaxis": 2
            },
            {
              "alias": "ClientConnections_Sum",
              "yaxis": 2
            }
          ],
          "spaceLength": 10,
          "span": 12,
          "stack": false,
          "steppedLine": false,
          "targets": [
            {
              "alias": "",
              "application": {
                "filter": ""
              },
              "dimensions": {
                "VpnId": "$vpnid"
              },
              "functions": [],
              "group": {
                "filter": ""
              },
              "host": {
                "filter": ""
              },
              "item": {
                "filter": ""
              },
              "metricName": "TunnelDataIn",
              "mode": 0,
              "namespace": "AWS/VPN",
              "options": {
                "showDisabledItems": false
              },
              "period": "",
              "refId": "A",
              "region": "$region",
              "statistics": [
                "Average"
              ]
            },
            {
              "alias": "",
              "application": {
                "filter": ""
              },
              "dimensions": {
                "VpnId": "$vpnid"
              },
              "functions": [],
              "group": {
                "filter": ""
              },
              "host": {
                "filter": ""
              },
              "item": {
                "filter": ""
              },
              "metricName": "TunnelDataOut",
              "mode": 0,
              "namespace": "AWS/VPN",
              "options": {
                "showDisabledItems": false
              },
              "period": "",
              "refId": "B",
              "region": "$region",
              "statistics": [
                "Average"
              ]
            }
          ],
          "thresholds": [],
          "timeFrom": null,
          "timeShift": null,
          "title": "TunnelDataIn / TunnelDataOut",
          "tooltip": {
            "msResolution": false,
            "shared": true,
            "sort": 0,
            "value_type": "cumulative"
          },
          "type": "graph",
          "xaxis": {
            "buckets": null,
            "mode": "time",
            "name": null,
            "show": true,
            "values": []
          },
          "yaxes": [
            {
              "format": "bytes",
              "label": null,
              "logBase": 1,
              "max": null,
              "min": 0,
              "show": true
            },
            {
              "format": "none",
              "label": null,
              "logBase": 1,
              "max": null,
              "min": 0,
              "show": true
            }
          ]
        }
      ],
      "repeat": null,
      "repeatIteration": null,
      "repeatRowId": null,
      "showTitle": false,
      "title": "Row",
      "titleSize": "h6"
    },
    {
      "collapse": false,
      "height": "250px",
      "panels": [
        {
          "aliasColors": {},
          "bars": false,
          "dashLength": 10,
          "dashes": false,
          "datasource": "${DS_CLOUDWATCH}",
          "editable": true,
          "error": false,
          "fill": 1,
          "grid": {},
          "id": 12,
          "legend": {
            "alignAsTable": true,
            "avg": true,
            "current": true,
            "max": true,
            "min": true,
            "show": true,
            "sort": "current",
            "sortDesc": true,
            "total": false,
            "values": true
          },
          "lines": true,
          "linewidth": 2,
          "links": [],
          "nullPointMode": "connected",
          "percentage": false,
          "pointradius": 5,
          "points": false,
          "renderer": "flot",
          "seriesOverrides": [
            {
              "alias": "Latency_Average",
              "yaxis": 2
            },
            {
              "alias": "TargetResponseTime_Average",
              "yaxis": 2
            },
            {
              "alias": "PermittedThroughput_Average",
              "yaxis": 2
            }
          ],
          "spaceLength": 10,
          "span": 12,
          "stack": false,
          "steppedLine": false,
          "targets": [
            {
              "alias": "",
              "application": {
                "filter": ""
              },
              "dimensions": {
                "VpnId": "$vpnid"
              },
              "functions": [],
              "group": {
                "filter": ""
              },
              "host": {
                "filter": ""
              },
              "item": {
                "filter": ""
              },
              "metricName": "TunnelState",
              "mode": 0,
              "namespace": "AWS/VPN",
              "options": {
                "showDisabledItems": false
              },
              "period": "",
              "refId": "A",
              "region": "$region",
              "statistics": [
                "Average"
              ]
            }
          ],
          "thresholds": [],
          "timeFrom": null,
          "timeShift": null,
          "title": "TunnelState",
          "tooltip": {
            "msResolution": false,
            "shared": true,
            "sort": 0,
            "value_type": "cumulative"
          },
          "type": "graph",
          "xaxis": {
            "buckets": null,
            "mode": "time",
            "name": null,
            "show": true,
            "values": []
          },
          "yaxes": [
            {
              "format": "short",
              "label": null,
              "logBase": 1,
              "max": null,
              "min": 0,
              "show": true
            },
            {
              "format": "Bps",
              "label": null,
              "logBase": 1,
              "max": null,
              "min": 0,
              "show": false
            }
          ]
        }
      ],
      "repeat": null,
      "repeatIteration": null,
      "repeatRowId": null,
      "showTitle": false,
      "title": "New row",
      "titleSize": "h6"
    },
    {
      "collapse": false,
      "height": "25px",
      "panels": [
        {
          "content": "<a style=\"float: right\" href=\"http://www.monitoringartist.com\" target=\"_blank\" title=\"Dashboard maintained by Monitoring Artist - DevOps / Docker / Kubernetes / AWS ECS / Google GCP / Zabbix / Zenoss / Terraform / Monitoring\"><img src=\"https://monitoringartist.github.io/monitoring-artist-logo-grafana.png\" height=\"30px\" /></a>\n<a style=\"float: left\"  target=\"_blank\" href=\"http://docs.aws.amazon.com/AmazonVPC/latest/UserGuide/monitoring-cloudwatch-vpn.html\">AWS CloudWatch VPN documentation</a><br/>\n<a style=\"float: left\"  target=\"_blank\" href=\"https://grafana.com/dashboards/2969\">Installed from Grafana.com dashboards</a>\n<div style=\"clear:both; width:100%;height:0;font-size:0;\"></div>",
          "editable": true,
          "error": false,
          "id": 2,
          "links": [],
          "mode": "html",
          "span": 12,
          "title": "Documentation",
          "type": "text"
        }
      ],
      "repeat": null,
      "repeatIteration": null,
      "repeatRowId": null,
      "showTitle": false,
      "title": "New row",
      "titleSize": "h6"
    }
  ],
  "schemaVersion": 14,
  "style": "dark",
  "tags": [
    "monitoringartist",
    "cloudwatch"
  ],
  "templating": {
    "list": [
      {
        "allValue": null,
        "current": {},
        "datasource": "${DS_CLOUDWATCH}",
        "hide": 0,
        "includeAll": false,
        "label": "Region",
        "multi": false,
        "name": "region",
        "options": [],
        "query": "regions()",
        "refresh": 1,
        "regex": "",
        "sort": 0,
        "tagValuesQuery": "",
        "tags": [],
        "tagsQuery": "",
        "type": "query",
        "useTags": false
      },
      {
        "allValue": null,
        "current": {},
        "datasource": "${DS_CLOUDWATCH}",
        "hide": 0,
        "includeAll": false,
        "label": "VpnId",
        "multi": false,
        "name": "vpnid",
        "options": [],
        "query": "dimension_values($region,AWS/VPN,TunnelState, VpnId)",
        "refresh": 1,
        "regex": "",
        "sort": 0,
        "tagValuesQuery": "",
        "tags": [],
        "tagsQuery": "",
        "type": "query",
        "useTags": false
      }
    ]
  },
  "time": {
    "from": "now-1h",
    "to": "now"
  },
  "timepicker": {
    "refresh_intervals": [
      "5s",
      "10s",
      "30s",
      "1m",
      "5m",
      "15m",
      "30m",
      "1h",
      "2h",
      "1d"
    ],
    "time_options": [
      "5m",
      "15m",
      "1h",
      "6h",
      "12h",
      "24h",
      "2d",
      "7d",
      "30d"
    ]
  },
  "timezone": "browser",
  "title": "AWS VPN",
  "version": 2
}
