{
  "__inputs": [
    {
      "name": "DS_CLOUDWATCH",
      "label": "aws-dev-euw-est-1",
      "description": "",
      "type": "datasource",
      "pluginId": "cloudwatch",
      "pluginName": "CloudWatch"
    }
  ],
  "__requires": [
    {
      "type": "datasource",
      "id": "cloudwatch",
      "name": "CloudWatch",
      "version": "1.0.0"
    },
    {
      "type": "grafana",
      "id": "grafana",
      "name": "Grafana",
      "version": "3.1.0"
    },
    {
      "type": "panel",
      "id": "graph",
      "name": "Graph",
      "version": ""
    },
    {
      "type": "panel",
      "id": "text",
      "name": "Text",
      "version": ""
    }
  ],
  "annotations": {
    "list": []
  },
  "description": "Visualize AWS API Gateway metrics",
  "editable": true,
  "gnetId": 1516,
  "graphTooltip": 0,
  "hideControls": true,
  "id": null,
  "links": [],
  "refresh": false,
  "rows": [
    {
      "collapse": false,
      "height": "250px",
      "panels": [
        {
          "aliasColors": {},
          "bars": false,
          "datasource": "${DS_CLOUDWATCH}",
          "editable": true,
          "error": false,
          "fill": 1,
          "grid": {},
          "id": 7,
          "legend": {
            "alignAsTable": true,
            "avg": true,
            "current": true,
            "max": true,
            "min": true,
            "show": true,
            "sort": "current",
            "sortDesc": true,
            "total": false,
            "values": true
          },
          "lines": true,
          "linewidth": 2,
          "links": [],
          "nullPointMode": "null as zero",
          "percentage": false,
          "pointradius": 5,
          "points": false,
          "renderer": "flot",
          "seriesOverrides": [
            {
              "alias": "Latency_Average",
              "yaxis": 2
            },
            {
              "alias": "TargetResponseTime_Average",
              "yaxis": 2
            },
            {
              "alias": "ClientConnections_Sum",
              "yaxis": 2
            }
          ],
          "span": 12,
          "stack": false,
          "steppedLine": false,
          "targets": [
            {
              "alias": "",
              "application": {
                "filter": ""
              },
              "dimensions": {
                "ApiName": "$apiname",
                "Stage": "$stage"
              },
              "functions": [],
              "group": {
                "filter": ""
              },
              "host": {
                "filter": ""
              },
              "item": {
                "filter": ""
              },
              "metricName": "Count",
              "mode": 0,
              "namespace": "AWS/ApiGateway",
              "options": {
                "showDisabledItems": false
              },
              "period": "",
              "refId": "A",
              "region": "$region",
              "statistics": [
                "Sum"
              ]
            }
          ],
          "thresholds": [],
          "timeFrom": null,
          "timeShift": null,
          "title": "Count",
          "tooltip": {
            "msResolution": false,
            "shared": true,
            "sort": 0,
            "value_type": "cumulative"
          },
          "type": "graph",
          "xaxis": {
            "mode": "time",
            "name": null,
            "show": true,
            "values": []
          },
          "yaxes": [
            {
              "format": "none",
              "label": null,
              "logBase": 1,
              "max": null,
              "min": 0,
              "show": true
            },
            {
              "format": "none",
              "label": null,
              "logBase": 1,
              "max": null,
              "min": 0,
              "show": false
            }
          ]
        }
      ],
      "repeat": null,
      "repeatIteration": null,
      "repeatRowId": null,
      "showTitle": false,
      "title": "Row",
      "titleSize": "h6"
    },
    {
      "collapse": false,
      "height": "250px",
      "panels": [
        {
          "aliasColors": {},
          "bars": false,
          "datasource": "${DS_CLOUDWATCH}",
          "editable": true,
          "error": false,
          "fill": 1,
          "grid": {},
          "id": 14,
          "legend": {
            "alignAsTable": true,
            "avg": true,
            "current": true,
            "max": true,
            "min": true,
            "show": true,
            "sort": "current",
            "sortDesc": true,
            "total": false,
            "values": true
          },
          "lines": true,
          "linewidth": 2,
          "links": [],
          "nullPointMode": "null as zero",
          "percentage": false,
          "pointradius": 5,
          "points": false,
          "renderer": "flot",
          "seriesOverrides": [
            {
              "alias": "Latency_Average",
              "yaxis": 1
            },
            {
              "alias": "TargetResponseTime_Average",
              "yaxis": 2
            },
            {
              "alias": "ClientConnections_Sum",
              "yaxis": 2
            },
            {
              "alias": "IntegrationLatency_Average",
              "yaxis": 2
            }
          ],
          "span": 12,
          "stack": false,
          "steppedLine": false,
          "targets": [
            {
              "alias": "",
              "application": {
                "filter": ""
              },
              "dimensions": {
                "ApiName": "$apiname",
                "Stage": "$stage"
              },
              "functions": [],
              "group": {
                "filter": ""
              },
              "host": {
                "filter": ""
              },
              "item": {
                "filter": ""
              },
              "metricName": "Latency",
              "mode": 0,
              "namespace": "AWS/ApiGateway",
              "options": {
                "showDisabledItems": false
              },
              "period": "",
              "refId": "A",
              "region": "$region",
              "statistics": [
                "Average"
              ]
            },
            {
              "alias": "",
              "application": {
                "filter": ""
              },
              "dimensions": {
                "ApiName": "$apiname",
                "Stage": "$stage"
              },
              "functions": [],
              "group": {
                "filter": ""
              },
              "host": {
                "filter": ""
              },
              "item": {
                "filter": ""
              },
              "metricName": "IntegrationLatency",
              "mode": 0,
              "namespace": "AWS/ApiGateway",
              "options": {
                "showDisabledItems": false
              },
              "period": "",
              "refId": "B",
              "region": "$region",
              "statistics": [
                "Average"
              ]
            }
          ],
          "thresholds": [],
          "timeFrom": null,
          "timeShift": null,
          "title": "Latency / IntegrationLatency",
          "tooltip": {
            "msResolution": false,
            "shared": true,
            "sort": 0,
            "value_type": "cumulative"
          },
          "type": "graph",
          "xaxis": {
            "mode": "time",
            "name": null,
            "show": true,
            "values": []
          },
          "yaxes": [
            {
              "format": "ms",
              "label": null,
              "logBase": 1,
              "max": null,
              "min": 0,
              "show": true
            },
            {
              "format": "ms",
              "label": null,
              "logBase": 1,
              "max": null,
              "min": 0,
              "show": true
            }
          ]
        }
      ],
      "repeat": null,
      "repeatIteration": null,
      "repeatRowId": null,
      "showTitle": false,
      "title": "New row",
      "titleSize": "h6"
    },
    {
      "collapse": false,
      "height": "250px",
      "panels": [
        {
          "aliasColors": {},
          "bars": false,
          "datasource": "${DS_CLOUDWATCH}",
          "editable": true,
          "error": false,
          "fill": 1,
          "grid": {},
          "id": 15,
          "legend": {
            "alignAsTable": true,
            "avg": true,
            "current": true,
            "max": true,
            "min": true,
            "show": true,
            "sort": "current",
            "sortDesc": true,
            "total": false,
            "values": true
          },
          "lines": true,
          "linewidth": 2,
          "links": [],
          "nullPointMode": "null as zero",
          "percentage": false,
          "pointradius": 5,
          "points": false,
          "renderer": "flot",
          "seriesOverrides": [
            {
              "alias": "Latency_Average",
              "yaxis": 1
            },
            {
              "alias": "TargetResponseTime_Average",
              "yaxis": 2
            },
            {
              "alias": "ClientConnections_Sum",
              "yaxis": 2
            },
            {
              "alias": "IntegrationLatency_Average",
              "yaxis": 2
            },
            {
              "alias": "5XXError_Average",
              "yaxis": 2
            },
            {
              "alias": "4XXError_Sum",
              "yaxis": 2
            }
          ],
          "span": 12,
          "stack": false,
          "steppedLine": false,
          "targets": [
            {
              "alias": "",
              "application": {
                "filter": ""
              },
              "dimensions": {
                "ApiName": "$apiname",
                "Stage": "$stage"
              },
              "functions": [],
              "group": {
                "filter": ""
              },
              "host": {
                "filter": ""
              },
              "item": {
                "filter": ""
              },
              "metricName": "4XXError",
              "mode": 0,
              "namespace": "AWS/ApiGateway",
              "options": {
                "showDisabledItems": false
              },
              "period": "",
              "refId": "A",
              "region": "$region",
              "statistics": [
                "Sum"
              ]
            },
            {
              "alias": "",
              "application": {
                "filter": ""
              },
              "dimensions": {
                "ApiName": "$apiname",
                "Stage": "$stage"
              },
              "functions": [],
              "group": {
                "filter": ""
              },
              "host": {
                "filter": ""
              },
              "item": {
                "filter": ""
              },
              "metricName": "5XXError",
              "mode": 0,
              "namespace": "AWS/ApiGateway",
              "options": {
                "showDisabledItems": false
              },
              "period": "",
              "refId": "B",
              "region": "$region",
              "statistics": [
                "Sum"
              ]
            }
          ],
          "thresholds": [],
          "timeFrom": null,
          "timeShift": null,
          "title": "4XXError / 5XXError",
          "tooltip": {
            "msResolution": false,
            "shared": true,
            "sort": 0,
            "value_type": "cumulative"
          },
          "type": "graph",
          "xaxis": {
            "mode": "time",
            "name": null,
            "show": true,
            "values": []
          },
          "yaxes": [
            {
              "format": "none",
              "label": null,
              "logBase": 1,
              "max": null,
              "min": 0,
              "show": true
            },
            {
              "format": "none",
              "label": null,
              "logBase": 1,
              "max": null,
              "min": 0,
              "show": true
            }
          ]
        }
      ],
      "repeat": null,
      "repeatIteration": null,
      "repeatRowId": null,
      "showTitle": false,
      "title": "New row",
      "titleSize": "h6"
    },
    {
      "collapse": false,
      "height": "250px",
      "panels": [
        {
          "aliasColors": {},
          "bars": false,
          "datasource": "${DS_CLOUDWATCH}",
          "editable": true,
          "error": false,
          "fill": 1,
          "grid": {},
          "id": 16,
          "legend": {
            "alignAsTable": true,
            "avg": true,
            "current": true,
            "max": true,
            "min": true,
            "show": true,
            "sort": "current",
            "sortDesc": true,
            "total": false,
            "values": true
          },
          "lines": true,
          "linewidth": 2,
          "links": [],
          "nullPointMode": "null as zero",
          "percentage": false,
          "pointradius": 5,
          "points": false,
          "renderer": "flot",
          "seriesOverrides": [
            {
              "alias": "Latency_Average",
              "yaxis": 1
            },
            {
              "alias": "TargetResponseTime_Average",
              "yaxis": 2
            },
            {
              "alias": "ClientConnections_Sum",
              "yaxis": 2
            },
            {
              "alias": "IntegrationLatency_Average",
              "yaxis": 2
            },
            {
              "alias": "5XXError_Average",
              "yaxis": 2
            }
          ],
          "span": 12,
          "stack": true,
          "steppedLine": false,
          "targets": [
            {
              "alias": "",
              "application": {
                "filter": ""
              },
              "dimensions": {
                "ApiName": "$apiname",
                "Stage": "$stage"
              },
              "functions": [],
              "group": {
                "filter": ""
              },
              "host": {
                "filter": ""
              },
              "item": {
                "filter": ""
              },
              "metricName": "CacheHitCount",
              "mode": 0,
              "namespace": "AWS/ApiGateway",
              "options": {
                "showDisabledItems": false
              },
              "period": "",
              "refId": "A",
              "region": "$region",
              "statistics": [
                "Sum"
              ]
            },
            {
              "alias": "",
              "application": {
                "filter": ""
              },
              "dimensions": {
                "ApiName": "$apiname",
                "Stage": "$stage"
              },
              "functions": [],
              "group": {
                "filter": ""
              },
              "host": {
                "filter": ""
              },
              "item": {
                "filter": ""
              },
              "metricName": "CacheMissCount",
              "mode": 0,
              "namespace": "AWS/ApiGateway",
              "options": {
                "showDisabledItems": false
              },
              "period": "",
              "refId": "B",
              "region": "$region",
              "statistics": [
                "Sum"
              ]
            }
          ],
          "thresholds": [],
          "timeFrom": null,
          "timeShift": null,
          "title": "CacheHitCount / CacheMissCount",
          "tooltip": {
            "msResolution": false,
            "shared": true,
            "sort": 0,
            "value_type": "cumulative"
          },
          "type": "graph",
          "xaxis": {
            "mode": "time",
            "name": null,
            "show": true,
            "values": []
          },
          "yaxes": [
            {
              "format": "none",
              "label": null,
              "logBase": 1,
              "max": null,
              "min": 0,
              "show": true
            },
            {
              "format": "none",
              "label": null,
              "logBase": 1,
              "max": null,
              "min": 0,
              "show": false
            }
          ]
        }
      ],
      "repeat": null,
      "repeatIteration": null,
      "repeatRowId": null,
      "showTitle": false,
      "title": "New row",
      "titleSize": "h6"
    },
    {
      "collapse": false,
      "height": "25px",
      "panels": [
        {
          "content": "<a style=\"float: right\" href=\"http://www.monitoringartist.com\" target=\"_blank\" title=\"Dashboard maintained by Monitoring Artist - DevOps / Docker / Kubernetes / AWS ECS / Google GCP / Zabbix / Zenoss / Terraform / Monitoring\"><img src=\"https://monitoringartist.github.io/monitoring-artist-logo-grafana.png\" height=\"30px\" /></a>\n<a style=\"float: left\"  target=\"_blank\" href=\"http://docs.aws.amazon.com/AmazonCloudWatch/latest/monitoring/api-gateway-metrics-dimensions.html\">AWS CloudWatch API Gateway documentation</a><br/>\n<a style=\"float: left\"  target=\"_blank\" href=\"https://grafana.com/dashboards/1516\">Installed from Grafana.com dashboards</a>\n<div style=\"clear:both; width:100%;height:0;font-size:0;\"></div>",
          "editable": true,
          "error": false,
          "id": 2,
          "links": [],
          "mode": "html",
          "span": 12,
          "title": "Documentation",
          "type": "text"
        }
      ],
      "repeat": null,
      "repeatIteration": null,
      "repeatRowId": null,
      "showTitle": false,
      "title": "Dashboard Row",
      "titleSize": "h6"
    }
  ],
  "schemaVersion": 14,
  "style": "dark",
  "tags": [
    "monitoringartist",
    "cloudwatch"
  ],
  "templating": {
    "list": [
      {
        "allValue": null,
        "current": {},
        "datasource": "${DS_CLOUDWATCH}",
        "hide": 0,
        "includeAll": false,
        "label": "Region",
        "multi": false,
        "name": "region",
        "options": [],
        "query": "regions()",
        "refresh": 1,
        "regex": "",
        "sort": 0,
        "tagValuesQuery": "",
        "tags": [],
        "tagsQuery": "",
        "type": "query",
        "useTags": false
      },
      {
        "allValue": null,
        "current": {},
        "datasource": "${DS_CLOUDWATCH}",
        "hide": 0,
        "includeAll": false,
        "label": "ApiName",
        "multi": false,
        "name": "apiname",
        "options": [],
        "query": "dimension_values($region,AWS/ApiGateway,Count,ApiName)",
        "refresh": 1,
        "regex": "",
        "sort": 0,
        "tagValuesQuery": "",
        "tags": [],
        "tagsQuery": "",
        "type": "query",
        "useTags": false
      },
      {
        "allValue": "*",
        "current": {},
        "datasource": "${DS_CLOUDWATCH}",
        "hide": 0,
        "includeAll": false,
        "label": "AND Stage",
        "multi": false,
        "name": "stage",
        "options": [],
        "query": "dimension_values($region,AWS/ApiGateway,Count,Stage)",
        "refresh": 1,
        "regex": "",
        "sort": 0,
        "tagValuesQuery": "",
        "tags": [],
        "tagsQuery": "",
        "type": "query",
        "useTags": false
      }
    ]
  },
  "time": {
    "from": "now-3h",
    "to": "now"
  },
  "timepicker": {
    "refresh_intervals": [
      "5s",
      "10s",
      "30s",
      "1m",
      "5m",
      "15m",
      "30m",
      "1h",
      "2h",
      "1d"
    ],
    "time_options": [
      "5m",
      "15m",
      "1h",
      "6h",
      "12h",
      "24h",
      "2d",
      "7d",
      "30d"
    ]
  },
  "timezone": "browser",
  "title": "AWS API Gateway",
  "version": 5
}
