{
  "__inputs": [
    {
      "name": "DS_CLOUDWATCH",
      "label": "cloudwatch",
      "description": "",
      "type": "datasource",
      "pluginId": "cloudwatch",
      "pluginName": "CloudWatch"
    }
  ],
  "__requires": [
    {
      "type": "panel",
      "id": "graph",
      "name": "Graph",
      "version": ""
    },
    {
      "type": "panel",
      "id": "text",
      "name": "Text",
      "version": ""
    },
    {
      "type": "grafana",
      "id": "grafana",
      "name": "Grafana",
      "version": "3.1.1"
    },
    {
      "type": "datasource",
      "id": "cloudwatch",
      "name": "CloudWatch",
      "version": "1.0.0"
    }
  ],
  "id": null,
  "title": "AWS Billing",
  "description": "Visualize estimated AWS charges per AWS resource (EC2, S3, ...) for current month",
  "tags": [
    "monitoringartist",
    "cloudwatch"
  ],
  "style": "dark",
  "timezone": "browser",
  "editable": true,
  "hideControls": true,
  "sharedCrosshair": false,
  "rows": [
    {
      "collapse": false,
      "editable": true,
      "height": "700px",
      "panels": [
        {
          "aliasColors": {},
          "bars": false,
          "datasource": "${DS_CLOUDWATCH}",
          "editable": true,
          "error": false,
          "fill": 1,
          "grid": {
            "threshold1": null,
            "threshold1Color": "rgba(216, 200, 27, 0.27)",
            "threshold2": null,
            "threshold2Color": "rgba(234, 112, 112, 0.22)"
          },
          "id": 1,
          "isNew": true,
          "legend": {
            "alignAsTable": true,
            "avg": true,
            "current": true,
            "max": true,
            "min": true,
            "show": true,
            "sort": "current",
            "sortDesc": true,
            "total": false,
            "values": true
          },
          "lines": true,
          "linewidth": 2,
          "links": [],
          "nullPointMode": "connected",
          "percentage": false,
          "pointradius": 5,
          "points": false,
          "renderer": "flot",
          "seriesOverrides": [],
          "span": 12,
          "stack": false,
          "steppedLine": false,
          "targets": [
            {
              "alias": "Total",
              "application": {
                "filter": ""
              },
              "dimensions": {
                "Currency": "USD"
              },
              "functions": [],
              "group": {
                "filter": ""
              },
              "host": {
                "filter": ""
              },
              "item": {
                "filter": ""
              },
              "metricName": "EstimatedCharges",
              "mode": 0,
              "namespace": "AWS/Billing",
              "options": {
                "showDisabledItems": false
              },
              "period": "",
              "refId": "A",
              "region": "us-east-1",
              "statistics": [
                "Average"
              ]
            },
            {
              "alias": "AmazonEC2",
              "application": {
                "filter": ""
              },
              "dimensions": {
                "Currency": "USD",
                "ServiceName": "AmazonEC2"
              },
              "functions": [],
              "group": {
                "filter": ""
              },
              "host": {
                "filter": ""
              },
              "item": {
                "filter": ""
              },
              "metricName": "EstimatedCharges",
              "mode": 0,
              "namespace": "AWS/Billing",
              "options": {
                "showDisabledItems": false
              },
              "period": "",
              "refId": "B",
              "region": "us-east-1",
              "statistics": [
                "Average"
              ]
            },
            {
              "alias": "AmazonRDS",
              "application": {
                "filter": ""
              },
              "dimensions": {
                "Currency": "USD",
                "ServiceName": "AmazonRDS"
              },
              "functions": [],
              "group": {
                "filter": ""
              },
              "host": {
                "filter": ""
              },
              "item": {
                "filter": ""
              },
              "metricName": "EstimatedCharges",
              "mode": 0,
              "namespace": "AWS/Billing",
              "options": {
                "showDisabledItems": false
              },
              "period": "",
              "refId": "B",
              "region": "us-east-1",
              "statistics": [
                "Average"
              ]
            },
            {
              "alias": "AmazonS3",
              "application": {
                "filter": ""
              },
              "dimensions": {
                "Currency": "USD",
                "ServiceName": "AmazonS3"
              },
              "functions": [],
              "group": {
                "filter": ""
              },
              "host": {
                "filter": ""
              },
              "item": {
                "filter": ""
              },
              "metricName": "EstimatedCharges",
              "mode": 0,
              "namespace": "AWS/Billing",
              "options": {
                "showDisabledItems": false
              },
              "period": "",
              "refId": "C",
              "region": "us-east-1",
              "statistics": [
                "Average"
              ]
            },
            {
              "alias": "AmazonCloudWatch",
              "application": {
                "filter": ""
              },
              "dimensions": {
                "Currency": "USD",
                "ServiceName": "AmazonCloudWatch"
              },
              "functions": [],
              "group": {
                "filter": ""
              },
              "host": {
                "filter": ""
              },
              "item": {
                "filter": ""
              },
              "metricName": "EstimatedCharges",
              "mode": 0,
              "namespace": "AWS/Billing",
              "options": {
                "showDisabledItems": false
              },
              "period": "",
              "refId": "D",
              "region": "us-east-1",
              "statistics": [
                "Average"
              ]
            },
            {
              "alias": "AmazonDynamoDB",
              "application": {
                "filter": ""
              },
              "dimensions": {
                "Currency": "USD",
                "ServiceName": "AmazonDynamoDB"
              },
              "functions": [],
              "group": {
                "filter": ""
              },
              "host": {
                "filter": ""
              },
              "item": {
                "filter": ""
              },
              "metricName": "EstimatedCharges",
              "mode": 0,
              "namespace": "AWS/Billing",
              "options": {
                "showDisabledItems": false
              },
              "period": "",
              "refId": "E",
              "region": "us-east-1",
              "statistics": [
                "Average"
              ]
            },
            {
              "alias": "ElasticMapReduce",
              "application": {
                "filter": ""
              },
              "dimensions": {
                "Currency": "USD",
                "ServiceName": "ElasticMapReduce"
              },
              "functions": [],
              "group": {
                "filter": ""
              },
              "host": {
                "filter": ""
              },
              "item": {
                "filter": ""
              },
              "metricName": "EstimatedCharges",
              "mode": 0,
              "namespace": "AWS/Billing",
              "options": {
                "showDisabledItems": false
              },
              "period": "",
              "refId": "F",
              "region": "us-east-1",
              "statistics": [
                "Average"
              ]
            },
            {
              "alias": "AWSDataTransfer",
              "application": {
                "filter": ""
              },
              "dimensions": {
                "Currency": "USD",
                "ServiceName": "AWSDataTransfer"
              },
              "functions": [],
              "group": {
                "filter": ""
              },
              "host": {
                "filter": ""
              },
              "item": {
                "filter": ""
              },
              "metricName": "EstimatedCharges",
              "mode": 0,
              "namespace": "AWS/Billing",
              "options": {
                "showDisabledItems": false
              },
              "period": "",
              "refId": "G",
              "region": "us-east-1",
              "statistics": [
                "Average"
              ]
            },
            {
              "alias": "AmazonECR",
              "application": {
                "filter": ""
              },
              "dimensions": {
                "Currency": "USD",
                "ServiceName": "AmazonECR"
              },
              "functions": [],
              "group": {
                "filter": ""
              },
              "host": {
                "filter": ""
              },
              "item": {
                "filter": ""
              },
              "metricName": "EstimatedCharges",
              "mode": 0,
              "namespace": "AWS/Billing",
              "options": {
                "showDisabledItems": false
              },
              "period": "",
              "refId": "H",
              "region": "us-east-1",
              "statistics": [
                "Average"
              ]
            },
            {
              "alias": "AmazonRoute53",
              "application": {
                "filter": ""
              },
              "dimensions": {
                "Currency": "USD",
                "ServiceName": "AmazonRoute53"
              },
              "functions": [],
              "group": {
                "filter": ""
              },
              "host": {
                "filter": ""
              },
              "item": {
                "filter": ""
              },
              "metricName": "EstimatedCharges",
              "mode": 0,
              "namespace": "AWS/Billing",
              "options": {
                "showDisabledItems": false
              },
              "period": "",
              "refId": "I",
              "region": "us-east-1",
              "statistics": [
                "Average"
              ]
            },
            {
              "alias": "AWSQueueService",
              "application": {
                "filter": ""
              },
              "dimensions": {
                "Currency": "USD",
                "ServiceName": "AWSQueueService"
              },
              "functions": [],
              "group": {
                "filter": ""
              },
              "host": {
                "filter": ""
              },
              "item": {
                "filter": ""
              },
              "metricName": "EstimatedCharges",
              "mode": 0,
              "namespace": "AWS/Billing",
              "options": {
                "showDisabledItems": false
              },
              "period": "",
              "refId": "J",
              "region": "us-east-1",
              "statistics": [
                "Average"
              ]
            },
            {
              "alias": "AmazonES",
              "application": {
                "filter": ""
              },
              "dimensions": {
                "Currency": "USD",
                "ServiceName": "AmazonES"
              },
              "functions": [],
              "group": {
                "filter": ""
              },
              "host": {
                "filter": ""
              },
              "item": {
                "filter": ""
              },
              "metricName": "EstimatedCharges",
              "mode": 0,
              "namespace": "AWS/Billing",
              "options": {
                "showDisabledItems": false
              },
              "period": "",
              "refId": "K",
              "region": "us-east-1",
              "statistics": [
                "Average"
              ]
            },
            {
              "alias": "AmazonKinesis",
              "application": {
                "filter": ""
              },
              "dimensions": {
                "Currency": "USD",
                "ServiceName": "AmazonKinesis"
              },
              "functions": [],
              "group": {
                "filter": ""
              },
              "host": {
                "filter": ""
              },
              "item": {
                "filter": ""
              },
              "metricName": "EstimatedCharges",
              "mode": 0,
              "namespace": "AWS/Billing",
              "options": {
                "showDisabledItems": false
              },
              "period": "",
              "refId": "L",
              "region": "us-east-1",
              "statistics": [
                "Average"
              ]
            },
            {
              "alias": "awskms",
              "application": {
                "filter": ""
              },
              "dimensions": {
                "Currency": "USD",
                "ServiceName": "awskms"
              },
              "functions": [],
              "group": {
                "filter": ""
              },
              "host": {
                "filter": ""
              },
              "item": {
                "filter": ""
              },
              "metricName": "EstimatedCharges",
              "mode": 0,
              "namespace": "AWS/Billing",
              "options": {
                "showDisabledItems": false
              },
              "period": "",
              "refId": "M",
              "region": "us-east-1",
              "statistics": [
                "Average"
              ]
            },
            {
              "alias": "AWSLambda",
              "application": {
                "filter": ""
              },
              "dimensions": {
                "Currency": "USD",
                "ServiceName": "AWSLambda"
              },
              "functions": [],
              "group": {
                "filter": ""
              },
              "host": {
                "filter": ""
              },
              "item": {
                "filter": ""
              },
              "metricName": "EstimatedCharges",
              "mode": 0,
              "namespace": "AWS/Billing",
              "options": {
                "showDisabledItems": false
              },
              "period": "",
              "refId": "N",
              "region": "us-east-1",
              "statistics": [
                "Average"
              ]
            },
            {
              "alias": "AWSCloudTrail",
              "application": {
                "filter": ""
              },
              "dimensions": {
                "Currency": "USD",
                "ServiceName": "AWSCloudTrail"
              },
              "functions": [],
              "group": {
                "filter": ""
              },
              "host": {
                "filter": ""
              },
              "item": {
                "filter": ""
              },
              "metricName": "EstimatedCharges",
              "mode": 0,
              "namespace": "AWS/Billing",
              "options": {
                "showDisabledItems": false
              },
              "period": "",
              "refId": "O",
              "region": "us-east-1",
              "statistics": [
                "Average"
              ]
            },
            {
              "alias": "AWSDirectConnect",
              "application": {
                "filter": ""
              },
              "dimensions": {
                "Currency": "USD",
                "ServiceName": "AWSDirectConnect"
              },
              "functions": [],
              "group": {
                "filter": ""
              },
              "host": {
                "filter": ""
              },
              "item": {
                "filter": ""
              },
              "metricName": "EstimatedCharges",
              "mode": 0,
              "namespace": "AWS/Billing",
              "options": {
                "showDisabledItems": false
              },
              "period": "",
              "refId": "P",
              "region": "us-east-1",
              "statistics": [
                "Average"
              ]
            },
            {
              "alias": "AmazonSNS",
              "application": {
                "filter": ""
              },
              "dimensions": {
                "Currency": "USD",
                "ServiceName": "AmazonSNS"
              },
              "functions": [],
              "group": {
                "filter": ""
              },
              "host": {
                "filter": ""
              },
              "item": {
                "filter": ""
              },
              "metricName": "EstimatedCharges",
              "mode": 0,
              "namespace": "AWS/Billing",
              "options": {
                "showDisabledItems": false
              },
              "period": "",
              "refId": "Q",
              "region": "us-east-1",
              "statistics": [
                "Average"
              ]
            },
            {
              "alias": "AmazonVPC",
              "application": {
                "filter": ""
              },
              "dimensions": {
                "Currency": "USD",
                "ServiceName": "AmazonVPC"
              },
              "functions": [],
              "group": {
                "filter": ""
              },
              "host": {
                "filter": ""
              },
              "item": {
                "filter": ""
              },
              "metricName": "EstimatedCharges",
              "mode": 0,
              "namespace": "AWS/Billing",
              "options": {
                "showDisabledItems": false
              },
              "period": "",
              "refId": "R",
              "region": "us-east-1",
              "statistics": [
                "Average"
              ]
            },
            {
              "alias": "AWSIoT",
              "application": {
                "filter": ""
              },
              "dimensions": {
                "Currency": "USD",
                "ServiceName": "AWSIoT"
              },
              "functions": [],
              "group": {
                "filter": ""
              },
              "host": {
                "filter": ""
              },
              "item": {
                "filter": ""
              },
              "metricName": "EstimatedCharges",
              "mode": 0,
              "namespace": "AWS/Billing",
              "options": {
                "showDisabledItems": false
              },
              "period": "",
              "refId": "S",
              "region": "us-east-1",
              "statistics": [
                "Average"
              ]
            },
            {
              "alias": "AmazonEFS",
              "application": {
                "filter": ""
              },
              "dimensions": {
                "Currency": "USD",
                "ServiceName": "AmazonEFS"
              },
              "functions": [],
              "group": {
                "filter": ""
              },
              "host": {
                "filter": ""
              },
              "item": {
                "filter": ""
              },
              "metricName": "EstimatedCharges",
              "mode": 0,
              "namespace": "AWS/Billing",
              "options": {
                "showDisabledItems": false
              },
              "period": "",
              "refId": "T",
              "region": "us-east-1",
              "statistics": [
                "Average"
              ]
            },
            {
              "alias": "AmazonElastiCache",
              "application": {
                "filter": ""
              },
              "dimensions": {
                "Currency": "USD",
                "ServiceName": "AmazonElastiCache"
              },
              "functions": [],
              "group": {
                "filter": ""
              },
              "host": {
                "filter": ""
              },
              "item": {
                "filter": ""
              },
              "metricName": "EstimatedCharges",
              "mode": 0,
              "namespace": "AWS/Billing",
              "options": {
                "showDisabledItems": false
              },
              "period": "",
              "refId": "U",
              "region": "us-east-1",
              "statistics": [
                "Average"
              ]
            },
            {
              "alias": "AmazonSimpleDB",
              "application": {
                "filter": ""
              },
              "dimensions": {
                "Currency": "USD",
                "ServiceName": "AmazonSimpleDB"
              },
              "functions": [],
              "group": {
                "filter": ""
              },
              "host": {
                "filter": ""
              },
              "item": {
                "filter": ""
              },
              "metricName": "EstimatedCharges",
              "mode": 0,
              "namespace": "AWS/Billing",
              "options": {
                "showDisabledItems": false
              },
              "period": "",
              "refId": "V",
              "region": "us-east-1",
              "statistics": [
                "Average"
              ]
            }
          ],
          "timeFrom": null,
          "timeShift": null,
          "title": "Estimated charges",
          "tooltip": {
            "msResolution": false,
            "shared": true,
            "sort": 0,
            "value_type": "cumulative"
          },
          "type": "graph",
          "xaxis": {
            "show": true
          },
          "yaxes": [
            {
              "format": "currencyUSD",
              "label": null,
              "logBase": 1,
              "max": null,
              "min": 0,
              "show": true
            },
            {
              "format": "short",
              "label": null,
              "logBase": 1,
              "max": null,
              "min": null,
              "show": true
            }
          ]
        }
      ],
      "title": "Row"
    },
    {
      "collapse": false,
      "editable": true,
      "height": "25px",
      "panels": [
        {
          "content": "<a style=\"float: right\" href=\"http://www.monitoringartist.com\" target=\"_blank\" title=\"Dashboard maintained by Monitoring Artist - DevOps / Docker / Kubernetes / AWS ECS / Google GCP / Zabbix / Zenoss / Terraform / Monitoring\"><img src=\"https://monitoringartist.github.io/monitoring-artist-logo-grafana.png\" height=\"30px\" /></a>\n<a style=\"float: left\"  target=\"_blank\" href=\"http://docs.aws.amazon.com/AmazonCloudWatch/latest/DeveloperGuide/billing-metricscollected.html\">AWS CloudWatch billing documentation</a><br/>\n<a style=\"float: left\"  target=\"_blank\" href=\"https://grafana.com/dashboards/139\">Installed from Grafana.com dashboards</a>\n<div style=\"clear:both; width:100%;height:0;font-size:0;\"></div>",
          "editable": true,
          "error": false,
          "id": 2,
          "isNew": true,
          "links": [],
          "mode": "html",
          "span": 12,
          "title": "Documentation",
          "type": "text"
        }
      ],
      "title": "New row"
    }
  ],
  "time": {
    "from": "now-14d",
    "to": "now"
  },
  "timepicker": {
    "refresh_intervals": [
      "5s",
      "10s",
      "30s",
      "1m",
      "5m",
      "15m",
      "30m",
      "1h",
      "2h",
      "1d"
    ],
    "time_options": [
      "5m",
      "15m",
      "1h",
      "6h",
      "12h",
      "24h",
      "2d",
      "7d",
      "30d"
    ]
  },
  "templating": {
    "list": []
  },
  "annotations": {
    "list": []
  },
  "refresh": false,
  "schemaVersion": 12,
  "version": 4,
  "links": [],
  "gnetId": 139
}
