{
  "__inputs": [
    {
      "name": "DS_CLOUDWATCH",
      "label": "cloudwatch",
      "description": "",
      "type": "datasource",
      "pluginId": "cloudwatch",
      "pluginName": "CloudWatch"
    }
  ],
  "__requires": [
    {
      "type": "panel",
      "id": "graph",
      "name": "Graph",
      "version": ""
    },
    {
      "type": "panel",
      "id": "text",
      "name": "Text",
      "version": ""
    },
    {
      "type": "grafana",
      "id": "grafana",
      "name": "Grafana",
      "version": "3.1.0"
    },
    {
      "type": "datasource",
      "id": "cloudwatch",
      "name": "CloudWatch",
      "version": "1.0.0"
    }
  ],
  "id": null,
  "title": "AWS EC2",
  "description": "Visualize AWS EC2 and related EBS metrics",
  "tags": [
    "monitoringartist",
    "cloudwatch"
  ],
  "style": "dark",
  "timezone": "browser",
  "editable": true,
  "hideControls": false,
  "sharedCrosshair": false,
  "rows": [
    {
      "collapse": false,
      "editable": true,
      "height": "250px",
      "panels": [
        {
          "aliasColors": {},
          "bars": false,
          "datasource": "${DS_CLOUDWATCH}",
          "editable": true,
          "error": false,
          "fill": 1,
          "grid": {
            "threshold1": null,
            "threshold1Color": "rgba(216, 200, 27, 0.27)",
            "threshold2": null,
            "threshold2Color": "rgba(234, 112, 112, 0.22)"
          },
          "id": 7,
          "isNew": true,
          "legend": {
            "alignAsTable": true,
            "avg": true,
            "current": true,
            "max": true,
            "min": true,
            "show": true,
            "sort": "current",
            "sortDesc": true,
            "total": false,
            "values": true
          },
          "lines": true,
          "linewidth": 2,
          "links": [],
          "nullPointMode": "connected",
          "percentage": false,
          "pointradius": 5,
          "points": false,
          "renderer": "flot",
          "seriesOverrides": [],
          "span": 12,
          "stack": false,
          "steppedLine": false,
          "targets": [
            {
              "alias": "",
              "application": {
                "filter": ""
              },
              "dimensions": {
                "InstanceId": "$instanceid"
              },
              "functions": [],
              "group": {
                "filter": ""
              },
              "host": {
                "filter": ""
              },
              "item": {
                "filter": ""
              },
              "metricName": "CPUUtilization",
              "mode": 0,
              "namespace": "AWS/EC2",
              "options": {
                "showDisabledItems": false
              },
              "period": "",
              "refId": "A",
              "region": "$region",
              "statistics": [
                "Average"
              ]
            }
          ],
          "timeFrom": null,
          "timeShift": null,
          "title": "CPUUtilization",
          "tooltip": {
            "msResolution": false,
            "shared": true,
            "sort": 0,
            "value_type": "cumulative"
          },
          "type": "graph",
          "xaxis": {
            "show": true
          },
          "yaxes": [
            {
              "format": "percent",
              "label": null,
              "logBase": 1,
              "max": null,
              "min": 0,
              "show": true
            },
            {
              "format": "short",
              "label": null,
              "logBase": 1,
              "max": null,
              "min": null,
              "show": false
            }
          ]
        }
      ],
      "title": "Row"
    },
    {
      "collapse": false,
      "editable": true,
      "height": "250px",
      "panels": [
        {
          "aliasColors": {},
          "bars": false,
          "datasource": "${DS_CLOUDWATCH}",
          "editable": true,
          "error": false,
          "fill": 1,
          "grid": {
            "threshold1": null,
            "threshold1Color": "rgba(216, 200, 27, 0.27)",
            "threshold2": null,
            "threshold2Color": "rgba(234, 112, 112, 0.22)"
          },
          "id": 8,
          "isNew": true,
          "legend": {
            "alignAsTable": true,
            "avg": true,
            "current": true,
            "max": true,
            "min": true,
            "show": true,
            "sort": "current",
            "sortDesc": true,
            "total": false,
            "values": true
          },
          "lines": true,
          "linewidth": 2,
          "links": [],
          "nullPointMode": "connected",
          "percentage": false,
          "pointradius": 5,
          "points": false,
          "renderer": "flot",
          "seriesOverrides": [],
          "span": 12,
          "stack": false,
          "steppedLine": false,
          "targets": [
            {
              "alias": "",
              "application": {
                "filter": ""
              },
              "dimensions": {
                "InstanceId": "$instanceid"
              },
              "functions": [],
              "group": {
                "filter": ""
              },
              "host": {
                "filter": ""
              },
              "item": {
                "filter": ""
              },
              "metricName": "CPUCreditUsage",
              "mode": 0,
              "namespace": "AWS/EC2",
              "options": {
                "showDisabledItems": false
              },
              "period": "",
              "refId": "A",
              "region": "$region",
              "statistics": [
                "Average"
              ]
            },
            {
              "alias": "",
              "application": {
                "filter": ""
              },
              "dimensions": {
                "InstanceId": "$instanceid"
              },
              "functions": [],
              "group": {
                "filter": ""
              },
              "host": {
                "filter": ""
              },
              "item": {
                "filter": ""
              },
              "metricName": "CPUCreditBalance",
              "mode": 0,
              "namespace": "AWS/EC2",
              "options": {
                "showDisabledItems": false
              },
              "period": "",
              "refId": "B",
              "region": "$region",
              "statistics": [
                "Average"
              ]
            }
          ],
          "timeFrom": null,
          "timeShift": null,
          "title": "CPUCredit",
          "tooltip": {
            "msResolution": false,
            "shared": true,
            "sort": 0,
            "value_type": "cumulative"
          },
          "type": "graph",
          "xaxis": {
            "show": true
          },
          "yaxes": [
            {
              "format": "none",
              "label": null,
              "logBase": 1,
              "max": null,
              "min": 0,
              "show": true
            },
            {
              "format": "short",
              "label": null,
              "logBase": 1,
              "max": null,
              "min": null,
              "show": false
            }
          ]
        }
      ],
      "title": "New row"
    },
    {
      "collapse": false,
      "editable": true,
      "height": "250px",
      "panels": [
        {
          "aliasColors": {},
          "bars": false,
          "datasource": "${DS_CLOUDWATCH}",
          "editable": true,
          "error": false,
          "fill": 1,
          "grid": {
            "threshold1": null,
            "threshold1Color": "rgba(216, 200, 27, 0.27)",
            "threshold2": null,
            "threshold2Color": "rgba(234, 112, 112, 0.22)"
          },
          "id": 9,
          "isNew": true,
          "legend": {
            "alignAsTable": true,
            "avg": true,
            "current": true,
            "max": true,
            "min": true,
            "show": true,
            "sort": "current",
            "sortDesc": true,
            "total": false,
            "values": true
          },
          "lines": true,
          "linewidth": 2,
          "links": [],
          "nullPointMode": "connected",
          "percentage": false,
          "pointradius": 5,
          "points": false,
          "renderer": "flot",
          "seriesOverrides": [],
          "span": 12,
          "stack": false,
          "steppedLine": false,
          "targets": [
            {
              "alias": "",
              "application": {
                "filter": ""
              },
              "dimensions": {
                "InstanceId": "$instanceid"
              },
              "functions": [],
              "group": {
                "filter": ""
              },
              "host": {
                "filter": ""
              },
              "item": {
                "filter": ""
              },
              "metricName": "DiskReadOps",
              "mode": 0,
              "namespace": "AWS/EC2",
              "options": {
                "showDisabledItems": false
              },
              "period": "",
              "refId": "A",
              "region": "$region",
              "statistics": [
                "Average"
              ]
            },
            {
              "alias": "",
              "application": {
                "filter": ""
              },
              "dimensions": {
                "InstanceId": "$instanceid"
              },
              "functions": [],
              "group": {
                "filter": ""
              },
              "host": {
                "filter": ""
              },
              "item": {
                "filter": ""
              },
              "metricName": "DiskWriteOps",
              "mode": 0,
              "namespace": "AWS/EC2",
              "options": {
                "showDisabledItems": false
              },
              "period": "",
              "refId": "B",
              "region": "$region",
              "statistics": [
                "Average"
              ]
            }
          ],
          "timeFrom": null,
          "timeShift": null,
          "title": "DiskOps",
          "tooltip": {
            "msResolution": false,
            "shared": true,
            "sort": 0,
            "value_type": "cumulative"
          },
          "type": "graph",
          "xaxis": {
            "show": true
          },
          "yaxes": [
            {
              "format": "none",
              "label": null,
              "logBase": 1,
              "max": null,
              "min": 0,
              "show": true
            },
            {
              "format": "short",
              "label": null,
              "logBase": 1,
              "max": null,
              "min": null,
              "show": false
            }
          ]
        }
      ],
      "title": "New row"
    },
    {
      "collapse": false,
      "editable": true,
      "height": "250px",
      "panels": [
        {
          "aliasColors": {},
          "bars": false,
          "datasource": "${DS_CLOUDWATCH}",
          "editable": true,
          "error": false,
          "fill": 1,
          "grid": {
            "threshold1": null,
            "threshold1Color": "rgba(216, 200, 27, 0.27)",
            "threshold2": null,
            "threshold2Color": "rgba(234, 112, 112, 0.22)"
          },
          "id": 10,
          "isNew": true,
          "legend": {
            "alignAsTable": true,
            "avg": true,
            "current": true,
            "max": true,
            "min": true,
            "show": true,
            "sort": "current",
            "sortDesc": true,
            "total": false,
            "values": true
          },
          "lines": true,
          "linewidth": 2,
          "links": [],
          "nullPointMode": "connected",
          "percentage": false,
          "pointradius": 5,
          "points": false,
          "renderer": "flot",
          "seriesOverrides": [],
          "span": 12,
          "stack": false,
          "steppedLine": false,
          "targets": [
            {
              "alias": "",
              "application": {
                "filter": ""
              },
              "dimensions": {
                "InstanceId": "$instanceid"
              },
              "functions": [],
              "group": {
                "filter": ""
              },
              "host": {
                "filter": ""
              },
              "item": {
                "filter": ""
              },
              "metricName": "DiskReadBytes",
              "mode": 0,
              "namespace": "AWS/EC2",
              "options": {
                "showDisabledItems": false
              },
              "period": "",
              "refId": "A",
              "region": "$region",
              "statistics": [
                "Average"
              ]
            },
            {
              "alias": "",
              "application": {
                "filter": ""
              },
              "dimensions": {
                "InstanceId": "$instanceid"
              },
              "functions": [],
              "group": {
                "filter": ""
              },
              "host": {
                "filter": ""
              },
              "item": {
                "filter": ""
              },
              "metricName": "DiskWriteBytes",
              "mode": 0,
              "namespace": "AWS/EC2",
              "options": {
                "showDisabledItems": false
              },
              "period": "",
              "refId": "B",
              "region": "$region",
              "statistics": [
                "Average"
              ]
            }
          ],
          "timeFrom": null,
          "timeShift": null,
          "title": "DiskBytes",
          "tooltip": {
            "msResolution": false,
            "shared": true,
            "sort": 0,
            "value_type": "cumulative"
          },
          "type": "graph",
          "xaxis": {
            "show": true
          },
          "yaxes": [
            {
              "format": "bytes",
              "label": null,
              "logBase": 1,
              "max": null,
              "min": 0,
              "show": true
            },
            {
              "format": "short",
              "label": null,
              "logBase": 1,
              "max": null,
              "min": null,
              "show": false
            }
          ]
        }
      ],
      "title": "New row"
    },
    {
      "collapse": false,
      "editable": true,
      "height": "250px",
      "panels": [
        {
          "aliasColors": {},
          "bars": false,
          "datasource": "${DS_CLOUDWATCH}",
          "editable": true,
          "error": false,
          "fill": 1,
          "grid": {
            "threshold1": null,
            "threshold1Color": "rgba(216, 200, 27, 0.27)",
            "threshold2": null,
            "threshold2Color": "rgba(234, 112, 112, 0.22)"
          },
          "id": 11,
          "isNew": true,
          "legend": {
            "alignAsTable": true,
            "avg": true,
            "current": true,
            "max": true,
            "min": true,
            "show": true,
            "sort": "current",
            "sortDesc": true,
            "total": false,
            "values": true
          },
          "lines": true,
          "linewidth": 2,
          "links": [],
          "nullPointMode": "connected",
          "percentage": false,
          "pointradius": 5,
          "points": false,
          "renderer": "flot",
          "seriesOverrides": [],
          "span": 12,
          "stack": false,
          "steppedLine": false,
          "targets": [
            {
              "alias": "",
              "application": {
                "filter": ""
              },
              "dimensions": {
                "InstanceId": "$instanceid"
              },
              "functions": [],
              "group": {
                "filter": ""
              },
              "host": {
                "filter": ""
              },
              "item": {
                "filter": ""
              },
              "metricName": "NetworkIn",
              "mode": 0,
              "namespace": "AWS/EC2",
              "options": {
                "showDisabledItems": false
              },
              "period": "",
              "refId": "A",
              "region": "$region",
              "statistics": [
                "Average"
              ]
            },
            {
              "alias": "",
              "application": {
                "filter": ""
              },
              "dimensions": {
                "InstanceId": "$instanceid"
              },
              "functions": [],
              "group": {
                "filter": ""
              },
              "host": {
                "filter": ""
              },
              "item": {
                "filter": ""
              },
              "metricName": "NetworkOut",
              "mode": 0,
              "namespace": "AWS/EC2",
              "options": {
                "showDisabledItems": false
              },
              "period": "",
              "refId": "B",
              "region": "$region",
              "statistics": [
                "Average"
              ]
            }
          ],
          "timeFrom": null,
          "timeShift": null,
          "title": "Network",
          "tooltip": {
            "msResolution": false,
            "shared": true,
            "sort": 0,
            "value_type": "cumulative"
          },
          "type": "graph",
          "xaxis": {
            "show": true
          },
          "yaxes": [
            {
              "format": "bytes",
              "label": null,
              "logBase": 1,
              "max": null,
              "min": 0,
              "show": true
            },
            {
              "format": "short",
              "label": null,
              "logBase": 1,
              "max": null,
              "min": null,
              "show": false
            }
          ]
        }
      ],
      "title": "New row"
    },
    {
      "collapse": false,
      "editable": true,
      "height": "250px",
      "panels": [
        {
          "aliasColors": {},
          "bars": false,
          "datasource": "${DS_CLOUDWATCH}",
          "editable": true,
          "error": false,
          "fill": 1,
          "grid": {
            "threshold1": null,
            "threshold1Color": "rgba(216, 200, 27, 0.27)",
            "threshold2": null,
            "threshold2Color": "rgba(234, 112, 112, 0.22)"
          },
          "id": 12,
          "isNew": true,
          "legend": {
            "alignAsTable": true,
            "avg": true,
            "current": true,
            "max": true,
            "min": true,
            "show": true,
            "sort": "current",
            "sortDesc": true,
            "total": false,
            "values": true
          },
          "lines": true,
          "linewidth": 2,
          "links": [],
          "nullPointMode": "connected",
          "percentage": false,
          "pointradius": 5,
          "points": false,
          "renderer": "flot",
          "seriesOverrides": [],
          "span": 12,
          "stack": false,
          "steppedLine": false,
          "targets": [
            {
              "alias": "",
              "application": {
                "filter": ""
              },
              "dimensions": {
                "InstanceId": "$instanceid"
              },
              "functions": [],
              "group": {
                "filter": ""
              },
              "host": {
                "filter": ""
              },
              "item": {
                "filter": ""
              },
              "metricName": "NetworkPacketsIn",
              "mode": 0,
              "namespace": "AWS/EC2",
              "options": {
                "showDisabledItems": false
              },
              "period": "",
              "refId": "A",
              "region": "$region",
              "statistics": [
                "Average"
              ]
            },
            {
              "alias": "",
              "application": {
                "filter": ""
              },
              "dimensions": {
                "InstanceId": "$instanceid"
              },
              "functions": [],
              "group": {
                "filter": ""
              },
              "host": {
                "filter": ""
              },
              "item": {
                "filter": ""
              },
              "metricName": "NetworkPacketsOut",
              "mode": 0,
              "namespace": "AWS/EC2",
              "options": {
                "showDisabledItems": false
              },
              "period": "",
              "refId": "B",
              "region": "$region",
              "statistics": [
                "Average"
              ]
            }
          ],
          "timeFrom": null,
          "timeShift": null,
          "title": "NetworkPackets",
          "tooltip": {
            "msResolution": false,
            "shared": true,
            "sort": 0,
            "value_type": "cumulative"
          },
          "type": "graph",
          "xaxis": {
            "show": true
          },
          "yaxes": [
            {
              "format": "none",
              "label": null,
              "logBase": 1,
              "max": null,
              "min": 0,
              "show": true
            },
            {
              "format": "short",
              "label": null,
              "logBase": 1,
              "max": null,
              "min": null,
              "show": false
            }
          ]
        }
      ],
      "title": "New row"
    },
    {
      "title": "New row",
      "height": "250px",
      "editable": true,
      "collapse": false,
      "panels": [
        {
          "aliasColors": {},
          "bars": false,
          "datasource": "${DS_CLOUDWATCH}",
          "editable": true,
          "error": false,
          "fill": 1,
          "grid": {
            "threshold1": null,
            "threshold1Color": "rgba(216, 200, 27, 0.27)",
            "threshold2": null,
            "threshold2Color": "rgba(234, 112, 112, 0.22)"
          },
          "id": 13,
          "isNew": true,
          "legend": {
            "alignAsTable": true,
            "avg": true,
            "current": true,
            "max": true,
            "min": true,
            "show": true,
            "sort": "current",
            "sortDesc": true,
            "total": false,
            "values": true
          },
          "lines": true,
          "linewidth": 2,
          "links": [],
          "nullPointMode": "connected",
          "percentage": false,
          "pointradius": 5,
          "points": false,
          "renderer": "flot",
          "seriesOverrides": [],
          "span": 12,
          "stack": false,
          "steppedLine": false,
          "targets": [
            {
              "alias": "",
              "application": {
                "filter": ""
              },
              "dimensions": {
                "InstanceId": "$instanceid"
              },
              "functions": [],
              "group": {
                "filter": ""
              },
              "host": {
                "filter": ""
              },
              "item": {
                "filter": ""
              },
              "metricName": "StatusCheckFailed",
              "mode": 0,
              "namespace": "AWS/EC2",
              "options": {
                "showDisabledItems": false
              },
              "period": "",
              "refId": "A",
              "region": "$region",
              "statistics": [
                "Average"
              ]
            },
            {
              "alias": "",
              "application": {
                "filter": ""
              },
              "dimensions": {
                "InstanceId": "$instanceid"
              },
              "functions": [],
              "group": {
                "filter": ""
              },
              "host": {
                "filter": ""
              },
              "item": {
                "filter": ""
              },
              "metricName": "StatusCheckFailed_Instance",
              "mode": 0,
              "namespace": "AWS/EC2",
              "options": {
                "showDisabledItems": false
              },
              "period": "",
              "refId": "B",
              "region": "$region",
              "statistics": [
                "Average"
              ]
            },
            {
              "alias": "",
              "application": {
                "filter": ""
              },
              "dimensions": {
                "InstanceId": "$instanceid"
              },
              "functions": [],
              "group": {
                "filter": ""
              },
              "host": {
                "filter": ""
              },
              "item": {
                "filter": ""
              },
              "metricName": "StatusCheckFailed_System",
              "mode": 0,
              "namespace": "AWS/EC2",
              "options": {
                "showDisabledItems": false
              },
              "period": "",
              "refId": "C",
              "region": "$region",
              "statistics": [
                "Average"
              ]
            }
          ],
          "timeFrom": null,
          "timeShift": null,
          "title": "StatusCheck",
          "tooltip": {
            "msResolution": false,
            "shared": true,
            "sort": 0,
            "value_type": "cumulative"
          },
          "type": "graph",
          "xaxis": {
            "show": true
          },
          "yaxes": [
            {
              "format": "none",
              "label": null,
              "logBase": 1,
              "max": null,
              "min": 0,
              "show": true
            },
            {
              "format": "short",
              "label": null,
              "logBase": 1,
              "max": null,
              "min": null,
              "show": false
            }
          ]
        }
      ]
    },
    {
      "title": "New row",
      "height": "250px",
      "editable": true,
      "collapse": false,
      "panels": [
        {
          "aliasColors": {},
          "bars": false,
          "datasource": "${DS_CLOUDWATCH}",
          "editable": true,
          "error": false,
          "fill": 1,
          "grid": {
            "threshold1": null,
            "threshold1Color": "rgba(216, 200, 27, 0.27)",
            "threshold2": null,
            "threshold2Color": "rgba(234, 112, 112, 0.22)"
          },
          "id": 14,
          "isNew": true,
          "legend": {
            "alignAsTable": true,
            "avg": true,
            "current": true,
            "max": true,
            "min": true,
            "show": true,
            "sort": "current",
            "sortDesc": true,
            "total": false,
            "values": true
          },
          "lines": true,
          "linewidth": 2,
          "links": [],
          "nullPointMode": "connected",
          "percentage": false,
          "pointradius": 5,
          "points": false,
          "renderer": "flot",
          "seriesOverrides": [],
          "span": 12,
          "stack": false,
          "steppedLine": false,
          "targets": [
            {
              "alias": "",
              "application": {
                "filter": ""
              },
              "dimensions": {
                "VolumeId": "$volumeid"
              },
              "functions": [],
              "group": {
                "filter": ""
              },
              "host": {
                "filter": ""
              },
              "item": {
                "filter": ""
              },
              "metricName": "VolumeReadOps",
              "mode": 0,
              "namespace": "AWS/EBS",
              "options": {
                "showDisabledItems": false
              },
              "period": "",
              "refId": "A",
              "region": "$region",
              "statistics": [
                "Average"
              ]
            },
            {
              "alias": "",
              "application": {
                "filter": ""
              },
              "dimensions": {
                "VolumeId": "$volumeid"
              },
              "functions": [],
              "group": {
                "filter": ""
              },
              "host": {
                "filter": ""
              },
              "item": {
                "filter": ""
              },
              "metricName": "VolumeWriteOps",
              "mode": 0,
              "namespace": "AWS/EBS",
              "options": {
                "showDisabledItems": false
              },
              "period": "",
              "refId": "B",
              "region": "$region",
              "statistics": [
                "Average"
              ]
            }
          ],
          "timeFrom": null,
          "timeShift": null,
          "title": "EBS VolumeOps",
          "tooltip": {
            "msResolution": false,
            "shared": true,
            "sort": 0,
            "value_type": "cumulative"
          },
          "type": "graph",
          "xaxis": {
            "show": true
          },
          "yaxes": [
            {
              "format": "none",
              "label": null,
              "logBase": 1,
              "max": null,
              "min": 0,
              "show": true
            },
            {
              "format": "short",
              "label": null,
              "logBase": 1,
              "max": null,
              "min": null,
              "show": false
            }
          ]
        }
      ]
    },
    {
      "title": "New row",
      "height": "250px",
      "editable": true,
      "collapse": false,
      "panels": [
        {
          "aliasColors": {},
          "bars": false,
          "datasource": "${DS_CLOUDWATCH}",
          "editable": true,
          "error": false,
          "fill": 1,
          "grid": {
            "threshold1": null,
            "threshold1Color": "rgba(216, 200, 27, 0.27)",
            "threshold2": null,
            "threshold2Color": "rgba(234, 112, 112, 0.22)"
          },
          "id": 15,
          "isNew": true,
          "legend": {
            "alignAsTable": true,
            "avg": true,
            "current": true,
            "max": true,
            "min": true,
            "show": true,
            "sort": "current",
            "sortDesc": true,
            "total": false,
            "values": true
          },
          "lines": true,
          "linewidth": 2,
          "links": [],
          "nullPointMode": "connected",
          "percentage": false,
          "pointradius": 5,
          "points": false,
          "renderer": "flot",
          "seriesOverrides": [],
          "span": 12,
          "stack": false,
          "steppedLine": false,
          "targets": [
            {
              "alias": "",
              "application": {
                "filter": ""
              },
              "dimensions": {
                "VolumeId": "$volumeid"
              },
              "functions": [],
              "group": {
                "filter": ""
              },
              "host": {
                "filter": ""
              },
              "item": {
                "filter": ""
              },
              "metricName": "VolumeReadBytes",
              "mode": 0,
              "namespace": "AWS/EBS",
              "options": {
                "showDisabledItems": false
              },
              "period": "",
              "refId": "A",
              "region": "$region",
              "statistics": [
                "Average"
              ]
            },
            {
              "alias": "",
              "application": {
                "filter": ""
              },
              "dimensions": {
                "VolumeId": "$volumeid"
              },
              "functions": [],
              "group": {
                "filter": ""
              },
              "host": {
                "filter": ""
              },
              "item": {
                "filter": ""
              },
              "metricName": "VolumeWriteBytes",
              "mode": 0,
              "namespace": "AWS/EBS",
              "options": {
                "showDisabledItems": false
              },
              "period": "",
              "refId": "B",
              "region": "$region",
              "statistics": [
                "Average"
              ]
            }
          ],
          "timeFrom": null,
          "timeShift": null,
          "title": "EBS VolumeBytes",
          "tooltip": {
            "msResolution": false,
            "shared": true,
            "sort": 0,
            "value_type": "cumulative"
          },
          "type": "graph",
          "xaxis": {
            "show": true
          },
          "yaxes": [
            {
              "format": "bytes",
              "label": null,
              "logBase": 1,
              "max": null,
              "min": 0,
              "show": true
            },
            {
              "format": "short",
              "label": null,
              "logBase": 1,
              "max": null,
              "min": null,
              "show": false
            }
          ]
        }
      ]
    },
    {
      "title": "New row",
      "height": "250px",
      "editable": true,
      "collapse": false,
      "panels": [
        {
          "aliasColors": {},
          "bars": false,
          "datasource": "${DS_CLOUDWATCH}",
          "editable": true,
          "error": false,
          "fill": 1,
          "grid": {
            "threshold1": null,
            "threshold1Color": "rgba(216, 200, 27, 0.27)",
            "threshold2": null,
            "threshold2Color": "rgba(234, 112, 112, 0.22)"
          },
          "id": 16,
          "isNew": true,
          "legend": {
            "alignAsTable": true,
            "avg": true,
            "current": true,
            "max": true,
            "min": true,
            "show": true,
            "sort": "current",
            "sortDesc": true,
            "total": false,
            "values": true
          },
          "lines": true,
          "linewidth": 2,
          "links": [],
          "nullPointMode": "connected",
          "percentage": false,
          "pointradius": 5,
          "points": false,
          "renderer": "flot",
          "seriesOverrides": [
            {
              "alias": "VolumeIdleTime_Average",
              "yaxis": 2
            }
          ],
          "span": 12,
          "stack": false,
          "steppedLine": false,
          "targets": [
            {
              "alias": "",
              "application": {
                "filter": ""
              },
              "dimensions": {
                "VolumeId": "$volumeid"
              },
              "functions": [],
              "group": {
                "filter": ""
              },
              "host": {
                "filter": ""
              },
              "item": {
                "filter": ""
              },
              "metricName": "VolumeQueueLength",
              "mode": 0,
              "namespace": "AWS/EBS",
              "options": {
                "showDisabledItems": false
              },
              "period": "",
              "refId": "A",
              "region": "$region",
              "statistics": [
                "Average"
              ]
            }
          ],
          "timeFrom": null,
          "timeShift": null,
          "title": "EBS VolumeQueueLength",
          "tooltip": {
            "msResolution": false,
            "shared": true,
            "sort": 0,
            "value_type": "cumulative"
          },
          "type": "graph",
          "xaxis": {
            "show": true
          },
          "yaxes": [
            {
              "format": "none",
              "label": null,
              "logBase": 1,
              "max": null,
              "min": 0,
              "show": true
            },
            {
              "format": "s",
              "label": null,
              "logBase": 1,
              "max": null,
              "min": null,
              "show": false
            }
          ]
        }
      ]
    },
    {
      "title": "New row",
      "height": "250px",
      "editable": true,
      "collapse": false,
      "panels": [
        {
          "aliasColors": {},
          "bars": false,
          "datasource": "${DS_CLOUDWATCH}",
          "editable": true,
          "error": false,
          "fill": 1,
          "grid": {
            "threshold1": null,
            "threshold1Color": "rgba(216, 200, 27, 0.27)",
            "threshold2": null,
            "threshold2Color": "rgba(234, 112, 112, 0.22)"
          },
          "id": 17,
          "isNew": true,
          "legend": {
            "alignAsTable": true,
            "avg": true,
            "current": true,
            "max": true,
            "min": true,
            "show": true,
            "sort": "current",
            "sortDesc": true,
            "total": false,
            "values": true
          },
          "lines": true,
          "linewidth": 2,
          "links": [],
          "nullPointMode": "connected",
          "percentage": false,
          "pointradius": 5,
          "points": false,
          "renderer": "flot",
          "seriesOverrides": [
            {
              "alias": "VolumeIdleTime_Average",
              "yaxis": 2
            }
          ],
          "span": 12,
          "stack": false,
          "steppedLine": false,
          "targets": [
            {
              "alias": "",
              "application": {
                "filter": ""
              },
              "dimensions": {
                "VolumeId": "$volumeid"
              },
              "functions": [],
              "group": {
                "filter": ""
              },
              "host": {
                "filter": ""
              },
              "item": {
                "filter": ""
              },
              "metricName": "VolumeTotalReadTime",
              "mode": 0,
              "namespace": "AWS/EBS",
              "options": {
                "showDisabledItems": false
              },
              "period": "",
              "refId": "A",
              "region": "$region",
              "statistics": [
                "Average"
              ]
            },
            {
              "alias": "",
              "application": {
                "filter": ""
              },
              "dimensions": {
                "VolumeId": "$volumeid"
              },
              "functions": [],
              "group": {
                "filter": ""
              },
              "host": {
                "filter": ""
              },
              "item": {
                "filter": ""
              },
              "metricName": "VolumeTotalWriteTime",
              "mode": 0,
              "namespace": "AWS/EBS",
              "options": {
                "showDisabledItems": false
              },
              "period": "",
              "refId": "B",
              "region": "$region",
              "statistics": [
                "Average"
              ]
            },
            {
              "alias": "",
              "application": {
                "filter": ""
              },
              "dimensions": {
                "VolumeId": "$volumeid"
              },
              "functions": [],
              "group": {
                "filter": ""
              },
              "host": {
                "filter": ""
              },
              "item": {
                "filter": ""
              },
              "metricName": "VolumeIdleTime",
              "mode": 0,
              "namespace": "AWS/EBS",
              "options": {
                "showDisabledItems": false
              },
              "period": "",
              "refId": "C",
              "region": "$region",
              "statistics": [
                "Average"
              ]
            }
          ],
          "timeFrom": null,
          "timeShift": null,
          "title": "EBS VolumeTime",
          "tooltip": {
            "msResolution": false,
            "shared": true,
            "sort": 0,
            "value_type": "cumulative"
          },
          "type": "graph",
          "xaxis": {
            "show": true
          },
          "yaxes": [
            {
              "format": "s",
              "label": null,
              "logBase": 1,
              "max": null,
              "min": 0,
              "show": true
            },
            {
              "format": "s",
              "label": null,
              "logBase": 1,
              "max": null,
              "min": null,
              "show": true
            }
          ]
        }
      ]
    },
    {
      "title": "New row",
      "height": "250px",
      "editable": true,
      "collapse": false,
      "panels": [
        {
          "aliasColors": {},
          "bars": false,
          "datasource": "${DS_CLOUDWATCH}",
          "editable": true,
          "error": false,
          "fill": 1,
          "grid": {
            "threshold1": null,
            "threshold1Color": "rgba(216, 200, 27, 0.27)",
            "threshold2": null,
            "threshold2Color": "rgba(234, 112, 112, 0.22)"
          },
          "id": 18,
          "isNew": true,
          "legend": {
            "alignAsTable": true,
            "avg": true,
            "current": true,
            "max": true,
            "min": true,
            "show": true,
            "sort": "current",
            "sortDesc": true,
            "total": false,
            "values": true
          },
          "lines": true,
          "linewidth": 2,
          "links": [],
          "nullPointMode": "connected",
          "percentage": false,
          "pointradius": 5,
          "points": false,
          "renderer": "flot",
          "seriesOverrides": [
            {
              "alias": "VolumeIdleTime_Average",
              "yaxis": 2
            },
            {
              "alias": "VolumeConsumedReadWriteOps_Average",
              "yaxis": 2
            }
          ],
          "span": 12,
          "stack": false,
          "steppedLine": false,
          "targets": [
            {
              "alias": "",
              "application": {
                "filter": ""
              },
              "dimensions": {
                "VolumeId": "$volumeid"
              },
              "functions": [],
              "group": {
                "filter": ""
              },
              "host": {
                "filter": ""
              },
              "item": {
                "filter": ""
              },
              "metricName": "VolumeThroughputPercentage",
              "mode": 0,
              "namespace": "AWS/EBS",
              "options": {
                "showDisabledItems": false
              },
              "period": "",
              "refId": "A",
              "region": "$region",
              "statistics": [
                "Average"
              ]
            },
            {
              "alias": "",
              "application": {
                "filter": ""
              },
              "dimensions": {
                "VolumeId": "$volumeid"
              },
              "functions": [],
              "group": {
                "filter": ""
              },
              "host": {
                "filter": ""
              },
              "item": {
                "filter": ""
              },
              "metricName": "VolumeConsumedReadWriteOps",
              "mode": 0,
              "namespace": "AWS/EBS",
              "options": {
                "showDisabledItems": false
              },
              "period": "",
              "refId": "B",
              "region": "$region",
              "statistics": [
                "Average"
              ]
            }
          ],
          "timeFrom": null,
          "timeShift": null,
          "title": "EBS VolumeThroughputPercentage",
          "tooltip": {
            "msResolution": false,
            "shared": true,
            "sort": 0,
            "value_type": "cumulative"
          },
          "type": "graph",
          "xaxis": {
            "show": true
          },
          "yaxes": [
            {
              "format": "percent",
              "label": null,
              "logBase": 1,
              "max": null,
              "min": 0,
              "show": true
            },
            {
              "format": "none",
              "label": null,
              "logBase": 1,
              "max": null,
              "min": 0,
              "show": true
            }
          ]
        }
      ]
    },
    {
      "title": "New row",
      "height": "250px",
      "editable": true,
      "collapse": false,
      "panels": [
        {
          "aliasColors": {},
          "bars": false,
          "datasource": "${DS_CLOUDWATCH}",
          "editable": true,
          "error": false,
          "fill": 1,
          "grid": {
            "threshold1": null,
            "threshold1Color": "rgba(216, 200, 27, 0.27)",
            "threshold2": null,
            "threshold2Color": "rgba(234, 112, 112, 0.22)"
          },
          "id": 19,
          "isNew": true,
          "legend": {
            "alignAsTable": true,
            "avg": true,
            "current": true,
            "max": true,
            "min": true,
            "show": true,
            "sort": "current",
            "sortDesc": true,
            "total": false,
            "values": true
          },
          "lines": true,
          "linewidth": 2,
          "links": [],
          "nullPointMode": "connected",
          "percentage": false,
          "pointradius": 5,
          "points": false,
          "renderer": "flot",
          "seriesOverrides": [
            {
              "alias": "VolumeIdleTime_Average",
              "yaxis": 2
            },
            {
              "alias": "VolumeConsumedReadWriteOps_Average",
              "yaxis": 2
            }
          ],
          "span": 12,
          "stack": false,
          "steppedLine": false,
          "targets": [
            {
              "alias": "",
              "application": {
                "filter": ""
              },
              "dimensions": {
                "VolumeId": "$volumeid"
              },
              "functions": [],
              "group": {
                "filter": ""
              },
              "host": {
                "filter": ""
              },
              "item": {
                "filter": ""
              },
              "metricName": "BurstBalance",
              "mode": 0,
              "namespace": "AWS/EBS",
              "options": {
                "showDisabledItems": false
              },
              "period": "",
              "refId": "A",
              "region": "$region",
              "statistics": [
                "Average"
              ]
            }
          ],
          "timeFrom": null,
          "timeShift": null,
          "title": "EBS BurstBalance",
          "tooltip": {
            "msResolution": false,
            "shared": true,
            "sort": 0,
            "value_type": "cumulative"
          },
          "type": "graph",
          "xaxis": {
            "show": true
          },
          "yaxes": [
            {
              "format": "percent",
              "label": null,
              "logBase": 1,
              "max": null,
              "min": 0,
              "show": true
            },
            {
              "format": "none",
              "label": null,
              "logBase": 1,
              "max": null,
              "min": 0,
              "show": false
            }
          ]
        }
      ]
    },
    {
      "title": "New row",
      "height": "25px",
      "editable": true,
      "collapse": false,
      "panels": [
        {
          "content": "<a style=\"float: right\" href=\"http://www.monitoringartist.com\" target=\"_blank\" title=\"Dashboard maintained by Monitoring Artist - DevOps / Docker / Kubernetes / AWS ECS / Google GCP / Zabbix / Zenoss / Terraform / Monitoring\"><img src=\"https://monitoringartist.github.io/monitoring-artist-logo-grafana.png\" height=\"30px\" /></a>\n<a style=\"float: left\"  target=\"_blank\" href=\"http://docs.aws.amazon.com/AmazonCloudWatch/latest/monitoring/ec2-metricscollected.html\">AWS Cloudwatch EC2 documentation, </a><a style=\"float: left\"  target=\"_blank\" href=\"http://docs.aws.amazon.com/AmazonCloudWatch/latest/monitoring/ebs-metricscollected.html\">AWS Cloudwatch EBS documentation</a><br/>\n<a style=\"float: left\"  target=\"_blank\" href=\"https://grafana.com/dashboards/617\">Installed from Grafana.com dashboards</a>\n<div style=\"clear:both; width:100%;height:0;font-size:0;\"></div>",
          "editable": true,
          "error": false,
          "id": 2,
          "isNew": true,
          "links": [],
          "mode": "html",
          "span": 12,
          "title": "Documentation",
          "type": "text"
        }
      ]
    }
  ],
  "time": {
    "from": "2016-09-29T23:03:49.702Z",
    "to": "2016-10-06T11:26:10.036Z"
  },
  "timepicker": {
    "refresh_intervals": [
      "5s",
      "10s",
      "30s",
      "1m",
      "5m",
      "15m",
      "30m",
      "1h",
      "2h",
      "1d"
    ],
    "time_options": [
      "5m",
      "15m",
      "1h",
      "6h",
      "12h",
      "24h",
      "2d",
      "7d",
      "30d"
    ]
  },
  "templating": {
    "list": [
      {
        "current": {},
        "datasource": "${DS_CLOUDWATCH}",
        "hide": 0,
        "includeAll": false,
        "label": "Region",
        "multi": false,
        "name": "region",
        "options": [],
        "query": "regions()",
        "refresh": 1,
        "type": "query"
      },
      {
        "current": {},
        "datasource": "${DS_CLOUDWATCH}",
        "hide": 0,
        "includeAll": false,
        "label": "InstanceId",
        "multi": false,
        "name": "instanceid",
        "options": [],
        "query": "ec2_instance_attribute($region, InstanceId, {})",
        "refresh": 1,
        "regex": "",
        "type": "query"
      },
      {
        "allValue": "*",
        "current": {},
        "datasource": "${DS_CLOUDWATCH}",
        "hide": 0,
        "includeAll": false,
        "label": "EBS volume",
        "multi": false,
        "name": "volumeid",
        "options": [],
        "query": "ebs_volume_ids($region, $instanceid)",
        "refresh": 1,
        "type": "query",
        "regex": ""
      },
      {
        "allValue": "*",
        "current": {},
        "datasource": "${DS_CLOUDWATCH}",
        "hide": 0,
        "includeAll": false,
        "label": "Info InstanceType",
        "multi": false,
        "name": "instancetype",
        "options": [],
        "query": "ec2_instance_attribute($region,InstanceType, {\"instance-id\": [\"$instanceid\"]})",
        "refresh": 1,
        "type": "query",
        "regex": ""
      },
      {
        "allValue": "*",
        "current": {},
        "datasource": "${DS_CLOUDWATCH}",
        "hide": 0,
        "includeAll": false,
        "label": "Info ImageId",
        "multi": false,
        "name": "imageid",
        "options": [],
        "query": "ec2_instance_attribute($region,ImageId, {\"instance-id\": [\"$instanceid\"]})",
        "refresh": 1,
        "type": "query",
        "regex": ""
      }
    ]
  },
  "annotations": {
    "list": []
  },
  "refresh": false,
  "schemaVersion": 12,
  "version": 17,
  "links": [],
  "gnetId": 615
}
